image,prediction,confidence,raw_score,expected,correct
coco_A_herd_of_animals_in_the_middle_of_a_grassy_field..jpg,Real,0.9602,0.9602,real,True
coco_A_beach_filled_with_people_flying_colorful_kites.jpg,Real,0.9103,0.9103,real,True
coco_Several_motorcycles_lined_up_in_a_row_in_front_of_a_old_building..jpg,Real,0.9764,0.9764,real,True
coco_A_car_and_a_motorcycle_viewed_from_through_a_windshield..jpg,Real,0.9999,0.9999,real,True
coco_A_man_is_taking_a_picture_of_his_bathroom_sink..jpg,Real,0.9999,0.9999,real,True
coco_The_would_is_dressed_up_wearing_a_hat_and_tie._.jpg,Real,0.8541,0.8541,real,True
coco_A_group_of_giraffe_standing_next_to_each_other_in_a_field..jpg,Real,0.9330,0.9330,real,True
coco_You_can_see_a_blue_towel_hanging_in_the_mirror..jpg,Real,0.9858,0.9858,real,True
coco_a_motorcycle_and_a_three_wheeler_both_coming_same_direction_on_both_sides_of_street.jpg,Real,0.9993,0.9993,real,True
coco_A_tall_church_sitting_next_to_a_lush_green_field..jpg,Real,0.7879,0.7879,real,True
coco_Small_white_toilet_sitting_next_to_a_small_white_sink._.jpg,Real,0.9995,0.9995,real,True
coco_A_blue_bird_is_sitting_on_a_wooden_post..jpg,Real,0.9991,0.9991,real,True
coco_A_steel_toilet_near_a_window_in_a_very_small_bathroom..jpg,Real,0.9958,0.9958,real,True
coco_A_silver_train_traveling_past_a_train_stations..jpg,Real,0.9949,0.9949,real,True
coco_A_giraffe_walking_through_dead_bushes_and_grass..jpg,Real,0.9783,0.9783,real,True
coco_A_full_view_of_a_shower_with_glass..jpg,Real,0.9997,0.9997,real,True
coco_People_sitting_under_an_umbrella_looking_at_the_scenery..jpg,Real,1.0000,1.0000,real,True
coco_A_person_with_a_mask_and_other_cover_with_umbrellas_.jpg,Real,1.0000,1.0000,real,True
coco_A_man_is_cooking_in_a_crowded_kitchen..jpg,Real,0.9940,0.9940,real,True
coco_a_giraffe_walking_through_trees_on_a_sunny_day.jpg,Real,0.9973,0.9973,real,True
coco_A_big_red_bus_parked_on_the_street_near_a_city.jpg,Real,0.9762,0.9762,real,True
coco_A_person_that_is_driving_on_the_street..jpg,Fake,0.5770,0.4230,real,False
coco_train-00002-of-00008_260_A_giraffe_that_is_standing_in_the_grass..jpg,Real,0.9705,0.9705,real,True
coco_A_man_riding_a_bike_on_a_dirt_path_through_a_forest..jpg,Real,0.9999,0.9999,real,True
coco_Red_stoplights_that_are_next_to_a_train..jpg,Real,0.9989,0.9989,real,True
coco_When_it's_this_cold,_it's_better_to_stay_out_of_the_wind..jpg,Real,0.9966,0.9966,real,True
coco_A_black_and_white_cat_sits_in_a_white_sink..jpg,Real,0.9957,0.9957,real,True
coco_A_colorful_train_engine_on_the_railroad_tracks..jpg,Real,0.9679,0.9679,real,True
coco_A_photo_of_a_busy_city_with_cranes_and_a_train_and_bridge.jpg,Real,0.9740,0.9740,real,True
coco_A_giraffe_standing_next_to_a_tree_and_some_rocks..jpg,Real,0.9760,0.9760,real,True
coco_A_cat_is_sitting_on_a_white_toilet..jpg,Real,0.9992,0.9992,real,True
coco_Two_giraffes_are_running_through_a_bushy_savannah..jpg,Real,0.9390,0.9390,real,True
coco_a_bunch_of_street_signs_on_a_pole_outside.jpg,Real,0.9895,0.9895,real,True
coco_A_fire_hydrant_sitting_on_the_side_of_a_street..jpg,Real,0.9818,0.9818,real,True
coco_A_green_sign_sitting_on_the_side_of_a_building..jpg,Real,0.9863,0.9863,real,True
coco_A_street_sign_is_posted_to_watch_for_senior_citizens..jpg,Real,0.9123,0.9123,real,True
coco_A_man_riding_on_the_back_of_a_motorcycle_down_a_street..jpg,Real,1.0000,1.0000,real,True
coco_People_at_a_bus_stop_waiting_on_a_bus..jpg,Real,0.9107,0.9107,real,True
coco_A_bathroom_sink_shapped_like_a_glass_bowl..jpg,Real,1.0000,1.0000,real,True
coco_A_parking_lot_filled_with_cars_next_to_a_large_traffic_light..jpg,Fake,0.6324,0.3676,real,False
coco_A_green_and_white_bus_pulling_into_a_bus_stop..jpg,Real,0.9685,0.9685,real,True
coco_A_giraffe_is_bending_towards_two_of_its_trainers.jpg,Real,0.8672,0.8672,real,True
coco_A_toilet_with_an_object_hanging_off_of_it..jpg,Real,0.9659,0.9659,real,True
coco_A_man_kneeling_down_to_pet_a_small_dog..jpg,Real,1.0000,1.0000,real,True
coco_An_commerical_airplane_is_flying_high_in_the_sky.jpg,Real,0.9993,0.9993,real,True
coco_A_small_bathroom_with_a_toilet,_trash_can_and_toilet_brush.jpg,Real,0.9735,0.9735,real,True
coco_A_breakfast_bowl_consisting_of_blueberry_sconce_and_strawberry_with_side_of_coffee.jpg,Real,0.9990,0.9990,real,True
coco_Two_goat_kids_and_one_young_lamb_are_in_a_field.__.jpg,Real,0.9996,0.9996,real,True
coco_A_view_of_a_kitchen_from_behind_a_dining_table..jpg,Fake,0.7550,0.2450,real,False
coco_A_man_walking_around_with_his_dog_and_sheep..jpg,Real,0.9684,0.9684,real,True
coco_On_a_TV_screen,_a_dog_is_lying_on_the_floor_in_front_of_a_large_picture_with_a_dog's_head_on_it..jpg,Real,0.9211,0.9211,real,True
coco_Cliffs_rise_on_the_edge_of_a_placid_lake..jpg,Real,0.9988,0.9988,real,True
coco_A_black_and_a_white_woman_standing_under_an_umbrella.jpg,Real,0.9997,0.9997,real,True
coco_A_sign_littered_with_stickers_on_a_pole_with_a_crosswalk_button_beside_a_large_red_building..jpg,Real,0.9986,0.9986,real,True
coco_Photo_of_a_white_towel,_plunger_and_a_wall_air_freshener..jpg,Real,0.9988,0.9988,real,True
coco_A_close_up_of_two_street_sings_above_the_back_of_a_stop_sign..jpg,Real,0.9992,0.9992,real,True
coco_a_man_in_a_hat_is_in_a_crowd.jpg,Real,0.9995,0.9995,real,True
coco_A_train_traveling_past_a_factory_with_tons_of_smoke_pouring_out_of_it's_stacks..jpg,Real,0.9927,0.9927,real,True
coco_A_turkey_that_is_cooking_in_a_large_roaster_oven_on_the_counter._.jpg,Real,0.9994,0.9994,real,True
coco_A_group_of_animals_such_as_sheeps_are_walking_together_on_the_grass.jpg,Fake,0.7902,0.2098,real,False
coco_A_restroom_with_three_mirrors_above_two_sinks..jpg,Real,0.9948,0.9948,real,True
coco_People_are_waiting_for_the_bus_near_a_bus_stop..jpg,Real,0.9984,0.9984,real,True
coco_A_train_in_a_station_with_people_walking_towards_and_off_of_it._.jpg,Real,0.9428,0.9428,real,True
coco_A_city_street_with_stores_across_the_street_and_a_bicycle_parked_on_the_side_of_the_street_with_a_dog_sitting_in_the_front_basket..jpg,Real,0.9995,0.9995,real,True
coco_Two_rows_of_various_makes_of_parked_motorcycles..jpg,Real,0.9705,0.9705,real,True
coco_A_pretty_young_lady_sitting_on_a_sidewalk_next_to_an_older_man..jpg,Real,1.0000,1.0000,real,True
coco_A_long_yellow_bus_advertising_a_musical_play.jpg,Fake,0.7743,0.2257,real,False
coco_A_picturesque_scene_complete_with_a_picnic_table,_mountain,_and_body_of_water.jpg,Real,0.9892,0.9892,real,True
coco_A_small_white_airplane_high_up_in_the_sky..jpg,Real,0.9958,0.9958,real,True
coco_A_dog_is_getting_its_picture_taken_from_the_driver's_seat.jpg,Real,0.9986,0.9986,real,True
coco_A_fire_hydrant_buried_in_a_pile_of_snow_next_to_a_run_down_building..jpg,Real,0.9909,0.9909,real,True
coco_A_toilet_with_a_hammer_on_it_in_a_small_room..jpg,Real,0.9994,0.9994,real,True
coco_a_close_up_of_a_dog_wearing_a_yellow_clone_hat.jpg,Real,0.9694,0.9694,real,True
coco_A_green_commuter_bus_pulling_into_the_bus_station_.jpg,Real,0.9998,0.9998,real,True
coco_A_kitchen_with_a_doorway_leading_to_a_laundry_room..jpg,Real,0.9988,0.9988,real,True
coco_A_no_left_turn_sign_hanging_from_the_side_of_a_wooden_pole..jpg,Real,0.9997,0.9997,real,True
coco_The_man_is_in_his_refrigerator_looking_for_something_to_eat_or_drink.jpg,Real,0.9854,0.9854,real,True
coco_a_man_with_a_bike_at_a_marina.jpg,Real,0.9985,0.9985,real,True
coco_A_person_sitting_on_top_of_a_bench_with_their_arms_spread_out..jpg,Real,0.9337,0.9337,real,True
coco_A_toilet_sitting_in_a_stall_next_to_a_toiler_paper_roller..jpg,Real,0.9975,0.9975,real,True
coco_A_red_vase_sitting_on_top_of_a_glass_table..jpg,Real,0.9996,0.9996,real,True
coco_A_small_white_dog_standing_next_to_a_red_fire_hydrant..jpg,Real,0.9996,0.9996,real,True
coco_A_narrow_kitchen_with_a_white_stove_top_oven..jpg,Real,0.9702,0.9702,real,True
coco_A_black_and_white_cat_sitting_in_front_of_a_black_bag..jpg,Real,1.0000,1.0000,real,True
coco_A_van_has_an_open_back_door_on_the_sidewalk..jpg,Real,1.0000,1.0000,real,True
coco_Airport_workers_loading_luggage_onto_into_an_airplane's_cargo_hold..jpg,Real,0.9965,0.9965,real,True
coco_a_close_up_of_a_cat_on_a_desk_near_a_sandwich_.jpg,Real,0.9970,0.9970,real,True
coco_A_toilet_setting_in_a_bathroom_with_tile_flooring..jpg,Real,0.9587,0.9587,real,True
coco_A_green_train_traveling_through_a_forest_with_trees..jpg,Real,0.8337,0.8337,real,True
coco_A_person_that_is_riding_a_dirt_bike._.jpg,Real,0.9995,0.9995,real,True
coco_train-00005-of-00008_70_A_clean_bathroom_is_seen_in_this_image..jpg,Real,1.0000,1.0000,real,True
coco_Closed_toilet_in_a_narrow,_tiled_bathroom,_with_sink_and_shower_stall..jpg,Real,0.9992,0.9992,real,True
coco_A_brown_dog_laying_down_in_a_room_next_to_a_desk..jpg,Fake,0.8061,0.1939,real,False
coco_Two_giraffes_in_a_outdoor_shelter_under_a_net..jpg,Real,0.9517,0.9517,real,True
coco_Red_wrong_way_sign_in_front_of_a_church.jpg,Real,0.6313,0.6313,real,True
coco_A_man_is_posing_for_a_great_photo_shop._.jpg,Real,0.9964,0.9964,real,True
coco_A_pair_of_trains_parked_at_a_station..jpg,Real,0.9932,0.9932,real,True
coco_A_black_and_white_cat_laying_on_top_of_a_desk..jpg,Real,0.9983,0.9983,real,True
coco_a_large_green_toy_truck_on_a_sidewalk_in_front_of_benches..jpg,Real,0.9987,0.9987,real,True
coco_A_kitchen_counter_filled_with_lots_of_dishes..jpg,Real,0.9623,0.9623,real,True
coco_trees_in_fall_colors_and_a_stop_sign_to_the_right._.jpg,Real,0.7688,0.7688,real,True
coco_a_big_bus_is_parked_as_a_some_people_ride_by_in_a_cart_.jpg,Real,0.9985,0.9985,real,True
coco_A_bamboo_bench_with_a_backpack_sitting_on_top_of_it..jpg,Real,0.9996,0.9996,real,True
coco_A_blue_and_black_motorcycle_has_a_leather_seat..jpg,Real,0.9984,0.9984,real,True
coco_Two_little_birds_with_white_chests_sit_on_barbed_wire..jpg,Real,0.9221,0.9221,real,True
coco_a_bunch_of_sheep_are_walking_on_the_road.jpg,Real,0.9977,0.9977,real,True
coco_A_large_giraffe_sticking_its_head_into_a_vehicle..jpg,Fake,0.5897,0.4103,real,False
coco_a_wire_with_a_street_light_hanging_from_it.jpg,Real,0.9500,0.9500,real,True
coco_A_lone_giraffe_stands_in_the_middle_of_a_grassy_field..jpg,Real,0.9998,0.9998,real,True
coco_A_gray_and_white_cat_sitting_in_blue_bowl..jpg,Real,0.9974,0.9974,real,True
coco_a_man_on_a_motorcycle_driving_down_a_track_.jpg,Real,0.9768,0.9768,real,True
coco_a_man_sits_in_a_trunk_while_petting_a_dog_.jpg,Real,0.9977,0.9977,real,True
coco_Two_husky's_hanging_out_of_the_car_windows..jpg,Fake,0.6070,0.3930,real,False
coco_Small_white_toilet_with_spare_rolls_of_toilet_paper_beside_it._.jpg,Real,0.9837,0.9837,real,True
coco_a_home_made_stop_sign_in_the_middle_of_nowhere.jpg,Real,0.9834,0.9834,real,True
coco_Person_on_a_motorcycle_coming_up_to_a_stop_sign_on_the_street..jpg,Real,1.0000,1.0000,real,True
coco_A_desk_that_has_two_computer_monitors_on_it..jpg,Real,0.9997,0.9997,real,True
coco_A_bench_on_top_of_stone_tiles_surrounded_by_trees..jpg,Real,0.9435,0.9435,real,True
coco_Two_birds_going_up_the_back_of_a_giraffe._.jpg,Real,0.9998,0.9998,real,True
coco_A_long_yellow_train_traveling_down_train_tracks..jpg,Real,0.9933,0.9933,real,True
coco_a_few_rows_of_benches_and_a_few_people_sitting_on_them.jpg,Real,0.7198,0.7198,real,True
coco_A_mother_sheep_standing_next_to_a__group_of_baby_sheep..jpg,Real,0.9985,0.9985,real,True
coco_People_are_hiding_under_colorful_umbrellas_on_a_rainy_day..jpg,Real,0.9626,0.9626,real,True
coco_A_small_airplane_sitting_on_top_of_a_runway..jpg,Real,0.9021,0.9021,real,True
coco_people_standing_outside_a_building_with_clocks_built_into_the_side_of_it.jpg,Real,0.9999,0.9999,real,True
coco_A_yellow,_gray_and_white_train_stationed_at_a_city..jpg,Fake,0.5664,0.4336,real,False
coco_A_white_dresser_with_an_attached_mirror_in_a_room_with_yellow_walls..jpg,Real,1.0000,1.0000,real,True
coco_A_picture_of_four_red_Asian_fire_hydrants_lined_up..jpg,Real,0.8235,0.8235,real,True
coco_Two_park_benches_sitting_in_grass_under_dappled_sunlight.jpg,Real,0.9611,0.9611,real,True
coco_A_white_bowl_filled_with_veggies_and_two_lemon_wedgies..jpg,Real,0.9980,0.9980,real,True
coco_Cat_on_floor_by_toilet_looking_up_to_cat_laying_in_sink.jpg,Real,0.9997,0.9997,real,True
coco_A_large_kitchen_with_wood_cabinets_and_black_accents..jpg,Real,0.9778,0.9778,real,True
coco_A_flock_of_birds_sitting_on_top_of_a_large_rock..jpg,Real,0.9999,0.9999,real,True
coco_Two_buses_passing_each_other_by_while_traveling_under_a_bridge..jpg,Real,0.9880,0.9880,real,True
coco_A_woman_is_seen_in_the_mirror_drying_her_hair..jpg,Real,0.9998,0.9998,real,True
coco_A_gang_of_bikers_riding_down_a_street_next_to_tall_buildings..jpg,Real,0.9841,0.9841,real,True
coco_a_pole_with_several_street_signs_by_a_building.jpg,Real,0.9653,0.9653,real,True
coco_a_clock_on_top_of_a_building_indicating_that_it_is_eleven_o'clock.jpg,Real,0.9498,0.9498,real,True
coco_A_bike_rider_rests_on_his_bike_as_he_looks_at_his_phone..jpg,Real,0.9998,0.9998,real,True
coco_A_group_of_men_riding_dirt_bikes_across_a_grass_covered_field..jpg,Real,0.9952,0.9952,real,True
coco_A_group_of_people_are_playing_some_musical_instruments..jpg,Real,0.9991,0.9991,real,True
coco_A_girl_sits_on_a_pillow_thinking_and_writing_into_a_notebook..jpg,Real,0.7059,0.7059,real,True
coco_Two_cats_getting_into_a_sink_in_a_bathroom_.jpg,Real,1.0000,1.0000,real,True
coco_A_man_riding_a_white_scooter_down_a_street_with_a_woman_on_the_back..jpg,Fake,0.6259,0.3741,real,False
coco_Two_girls_sitting_on_the_ground,_one_with_a_hat_on,_the_other_with_an_open_umbrella._.jpg,Real,0.9999,0.9999,real,True
coco_A_bicycle_chained_to_a_pole_in_the_city_.jpg,Real,0.9828,0.9828,real,True
coco_A_city_street_at_night_with_a_green_signal..jpg,Real,0.9904,0.9904,real,True
coco_Blurred_image_of_motorized_scooters_on_a_wooded_road..jpg,Real,0.9885,0.9885,real,True
coco_Rust_and_white_cat_curled_up_in_a_toilet_bowl..jpg,Real,0.9886,0.9886,real,True
coco_A_cat_laying_on_a_bed_by_a_window..jpg,Real,0.8896,0.8896,real,True
coco_White_swans_in_the_water_and_on_the_grass_with_one_taking_a_close_eye_on_the_camera..jpg,Real,0.9315,0.9315,real,True
coco_A_white_and_yellow_train_traveling_through_a_rural_country_side..jpg,Real,0.8710,0.8710,real,True
coco_A_glass_of_drink_and_a_plate_of_food_on_a_table..jpg,Real,0.9998,0.9998,real,True
coco_A_bathroom_is_photographed_with_a_fisheye_filter..jpg,Real,0.9996,0.9996,real,True
coco_A_person_sitting_on_a_wooden_bench_outside..jpg,Real,0.8975,0.8975,real,True
coco_A_blue_and_yellow_city_bus_driving_down_the_street.jpg,Real,0.9920,0.9920,real,True
coco_A_train_that_is_going_by_some_grass..jpg,Real,0.9782,0.9782,real,True
coco_A_small_yellow_airplane_is_on_a_grassy_runway..jpg,Real,0.8746,0.8746,real,True
coco_A_man_with_a_brown_bag_and_blue_jacket_stands_by_a_train_that_is_moving..jpg,Real,0.9691,0.9691,real,True
coco_A_Giraffe_standing_in_green_grass_with_a_house_in_the_background..jpg,Real,0.9975,0.9975,real,True
coco_The_sculpture_is_of_five_people_in_clown_costumes_riding_one_long_bike..jpg,Real,0.9861,0.9861,real,True
coco_A_beige_bathroom_with_a_phone_beside_the_toilet..jpg,Real,0.9624,0.9624,real,True
coco_A_wild_animal_on_a_rocky_hill_with_a_few_plants.jpg,Real,0.9998,0.9998,real,True
coco_A_grey_duck_flowing_in_water_next_to_branches..jpg,Real,0.9981,0.9981,real,True
coco_An_airplane_flying_over_a_big_harvest_moon.jpg,Real,0.9984,0.9984,real,True
coco_A_man_riding_on_the_back_of_a_dirt_bike_in_the_air..jpg,Real,0.5255,0.5255,real,True
coco_A_yellow_and_red_train_traveling_down_train_tracks..jpg,Real,0.9170,0.9170,real,True
coco_A_kite_flying_above_in_a_crystal_clear_blue_sky..jpg,Real,0.9858,0.9858,real,True
coco_A_bird_that_is_sitting_on_top_of_a_tree..jpg,Fake,0.6504,0.3496,real,False
coco_A_red_stop_sign_sitting_next_to_a_green_street_sign..jpg,Real,0.9197,0.9197,real,True
coco_A_four_engine_Air_Algerie_prop_plane_with_landing_gear_out.jpg,Fake,0.6191,0.3809,real,False
coco_train-00006-of-00008_418_A_man_riding_on_the_back_of_a_red_motorcycle..jpg,Fake,0.6841,0.3159,real,False
coco_a_small_toilet_stall_with_a_toilet_brush_and_3_rolls_of_toilet_paper_.jpg,Real,0.9302,0.9302,real,True
coco_A_white_and_black_bird_sitting_in_grassy_area_next_to_water..jpg,Fake,0.9438,0.0562,real,False
coco_A_TV_sitting_on_top_of_a_wooden_stand..jpg,Real,0.9366,0.9366,real,True
coco_An_airplane_crossing_above_a_metal_structure_on_a_cloudy_day..jpg,Real,0.9981,0.9981,real,True
coco_A_huge_crowd_is_walking_down_one_side_of_a_street..jpg,Real,0.9972,0.9972,real,True
coco_A_plane_that_is_flying_in_the_sky_over_two_houses..jpg,Real,0.9990,0.9990,real,True
coco_A_giraffe_walking_across_a_dirt_and_grass_field..jpg,Real,0.9386,0.9386,real,True
coco_a_toy_elephant_sitting_in_a_toy_cage_with_toy_people_standing_outside.jpg,Real,0.9620,0.9620,real,True
coco_A_group_of_men_riding_motorcycles_in_street_with_American_flags..jpg,Real,0.9990,0.9990,real,True
coco_There_is_a_multi_colored_train_pulling_into_a_station..jpg,Real,0.9873,0.9873,real,True
coco_A_large_American_flag_sitting_on_top_of_a_building..jpg,Real,0.9780,0.9780,real,True
coco_A_couple_of_men_sailing_on_a_sailboat_out_in_the_harbor._.jpg,Real,0.9984,0.9984,real,True
coco_A_street_with_market_door_openings_is_empty..jpg,Real,0.9974,0.9974,real,True
coco_A_large_blue_bus_on_a_city_street..jpg,Real,0.9974,0.9974,real,True
coco_A_fire_hydrant_is_painted_in_a_patriotic_theme..jpg,Real,0.9997,0.9997,real,True
coco_assorted_animals_like_giraffes_and_zebras_standing_by_a_river.jpg,Real,0.9912,0.9912,real,True
coco_a_kitchen_with_a_refrigerator_a_sink_and_a_stove.jpg,Real,0.9891,0.9891,real,True
coco_A_rural_intersection_with_a_stop_sign_that_reads,_'don't_STOP_believing..jpg,Real,0.8471,0.8471,real,True
coco_A_train_passing_through_a_city_street._.jpg,Real,0.9982,0.9982,real,True
coco_A_stop_sign_that_is_by_a_road_by_the_beach..jpg,Real,0.8788,0.8788,real,True
coco_Man_on_bike_on_street_corner_with_buildings_and_stoplight.jpg,Real,0.9994,0.9994,real,True
coco_A_large_kitchen_filled_with_white_appliances_with_lots_of_counter_space..jpg,Real,0.9978,0.9978,real,True
coco_a_woman_walking_down_the_road_while_holding_onto_some_bags_and__an_umbrella_.jpg,Real,0.6429,0.6429,real,True
coco_Putting_a_used_toilet_out_with_the_trash_is_certainly_not_appropriate..jpg,Real,0.9997,0.9997,real,True
coco_Closeup_of_view_of_the_cabin_and_wing_of_a_large_commercial_airliner..jpg,Real,0.6802,0.6802,real,True
coco_A_man_on_a_motorcycle_going_down_the_street..jpg,Real,0.9875,0.9875,real,True
coco_A_snowy_scene_of_trees_and_a_road..jpg,Real,0.8947,0.8947,real,True
coco_A_numbered_Dirt_bike_next_to_a_box_truck.jpg,Real,0.9943,0.9943,real,True
coco_A_giraffe_grazing_from_a_tree_with_rock_wall_in_background..jpg,Real,0.9922,0.9922,real,True
coco_A_man_stares_at_another_man_tying_a_tie..jpg,Real,0.7755,0.7755,real,True
coco_A_large_white_bus_stopped_at_a_bus_stop_covered_in_snow..jpg,Real,0.9956,0.9956,real,True
coco_Two_computers_sitting_on_top_of_a_wooden_desk..jpg,Real,1.0000,1.0000,real,True
coco_A_couple_riding_on_the_back_of_a_horse_drawn_carriage..jpg,Real,0.9725,0.9725,real,True
coco_A_train_pulling_out_of_a_train_station..jpg,Real,0.9975,0.9975,real,True
coco_Giraffes_standing_in_and_around_a_cave_area..jpg,Real,0.9924,0.9924,real,True
coco_a_oven_is_built_into_a_counter_in_a_kitchen.jpg,Real,0.9235,0.9235,real,True
coco_A_giraffe_sticking_its_tongue_towards_a_cracker._.jpg,Real,0.9936,0.9936,real,True
coco_An_airplane_flying_in_the_sky_above_a_mountain..jpg,Real,0.9405,0.9405,real,True
coco_A_sign_explains_the_toll_on_a_toll_road..jpg,Real,0.9603,0.9603,real,True
coco_A_white_bus_passing_street_next_to_a_fence..jpg,Real,0.9960,0.9960,real,True
coco_A_parrot_flying_through_a_tree_filled_forest..jpg,Real,0.9996,0.9996,real,True
coco_A_man_thinks_as_he_stands_in_front_of_a_sign..jpg,Real,0.9321,0.9321,real,True
coco_A_busy_airport_with_planes_parked__on_the_runway.jpg,Real,0.9806,0.9806,real,True
coco_a_bike_sitting_in_front_of_colorful_signs_.jpg,Real,0.8610,0.8610,real,True
coco_A_row_of_motor_scooters_at_a_motorcycle_festival..jpg,Real,0.9979,0.9979,real,True
coco_A_claw_foot_bathtub_stands_in_the_middle_of_a_pristine_white_bathroom..jpg,Real,0.9435,0.9435,real,True
coco_A_family_of_giraffes_stand_together_beside_a_wood_fence..jpg,Real,0.9996,0.9996,real,True
coco_A_couple_of_giraffe_standing_next_to_a_forest..jpg,Real,0.8879,0.8879,real,True
coco_A_man_stands_next_to_a_bird_on_a_rock..jpg,Real,0.9663,0.9663,real,True
coco_Two_male_chefs_cooking_in_a_kitchen_while_another_staff_member_uses_a_mobile_phone._.jpg,Real,0.9778,0.9778,real,True
coco_A_yellow_and_blue_fire_hydrant_sitting_on_a_sidewalk..jpg,Real,0.9400,0.9400,real,True
coco_An_old_car_in_a_parking_lot_with_a_surfboard_strapped_to_the_top.jpg,Real,0.9536,0.9536,real,True
coco_Three_people_standing_around_a_brown_horse_with_a_white_stripe_on_his_face._.jpg,Real,0.9999,0.9999,real,True
coco_A_bird_soaring_over_a_lush_green_park..jpg,Fake,0.8335,0.1665,real,False
coco_A_kitchen_area_is_shown_with_a_bar..jpg,Real,0.9947,0.9947,real,True
coco_a_street_sign_on_a_road_near_a_building.jpg,Real,0.9550,0.9550,real,True
coco_A_large_amount_of_motorcycles_are_parked_by_a_sidewalk..jpg,Real,1.0000,1.0000,real,True
coco_A_large_living_room_has_many_items_thrown_around_it..jpg,Real,0.9997,0.9997,real,True
coco_A_man_taking_pics_in_a_bathroom_with_a_cellphone.jpg,Real,1.0000,1.0000,real,True
coco_A_cyclist_checks_his_wrist_heart_rain_monitor_in_front_of_a_stop_sign..jpg,Real,0.9836,0.9836,real,True
coco_A_classic_car_waiting_at_a_3-way_stop_sign..jpg,Real,0.9610,0.9610,real,True
coco_A_man_is_in_a_black_and_white_public_restroom..jpg,Real,0.9995,0.9995,real,True
coco_A_couple_of_cats_taking_a_nap_on_top_of_a_bed..jpg,Real,0.9932,0.9932,real,True
coco_A_view_of_the_mountains_is_shown_from_an_airplane_window..jpg,Real,0.9865,0.9865,real,True
coco_A_dog_sitting_in_the_passenger_seat_of_a_car..jpg,Real,0.9677,0.9677,real,True
coco_A_room_with_an_older_model_television_in_it..jpg,Real,0.9991,0.9991,real,True
coco_A_cat_laying_down_on_a_wooden_table_in_a_park..jpg,Real,0.9999,0.9999,real,True
coco_Giraffes_in_a_zoo_and_a_measuring_stick_.jpg,Real,0.9969,0.9969,real,True
coco_A_row_of_empty_benches_alongside_a_road..jpg,Real,0.9120,0.9120,real,True
coco_a_table_that_has_a_train_model_on_it_with_other_cars_and_things.jpg,Real,0.9105,0.9105,real,True
coco_A_kitchen_scene_complete_with_a_dishwasher,_sink_and_an_oven..jpg,Real,0.8745,0.8745,real,True
coco_A_brown_dog_eating_food_from_a_dog_bowl..jpg,Real,1.0000,1.0000,real,True
coco_White_sheep_grazing_in_a_grass_pasture_near_stone_walls..jpg,Real,0.9969,0.9969,real,True
coco_A_kitchen_with_a_washer_and_a_stove_top_oven..jpg,Real,0.9319,0.9319,real,True
coco_A_kitchen_filled_with_black_appliances_and_lots_of_counter_top_space..jpg,Real,0.9442,0.9442,real,True
coco_A_large_cathedral_with_a_massive_tower_in_front_of_a_street..jpg,Real,0.8584,0.8584,real,True
coco_A_white_city_passenger_bus_traveling_down_a_street_surrounded_by_tall_buildings..jpg,Real,0.9919,0.9919,real,True
coco_Two_motorcycles_parked_next_to_each_other_on_a_parking_lot..jpg,Real,0.9865,0.9865,real,True
coco_A_long_bench_sitting_next_to_a_large_fence..jpg,Real,0.9930,0.9930,real,True
coco_A_picture_of_large_glass_door_trimmed_in_white_and_a_large_beige_structure_beside_it..jpg,Real,0.9402,0.9402,real,True
coco_a_group_of_airplanes_waiting_on_the_tarmac.jpg,Real,0.9947,0.9947,real,True
coco_Two_giraffe_standing_next_to_each_other_near__brick_building..jpg,Real,0.9505,0.9505,real,True
coco_there's_and_airplane_in_the_sky_flying_over_some_trees.jpg,Real,1.0000,1.0000,real,True
coco_There_are_a_lot_of_air_planes_that_are_flying_in_the_sky.jpg,Real,0.7373,0.7373,real,True
coco_A_traffic_light_sitting_next_to_a_cluster_of_traffic_cones..jpg,Real,0.9949,0.9949,real,True
coco_A_couple_of_men_standing_near_a_sailboat..jpg,Real,0.9337,0.9337,real,True
coco_A_dog_standing_by_a_television_in_a_room..jpg,Real,1.0000,1.0000,real,True
coco_Pair_of_giraffes_standing_next_to_a_wooden_pole_barrier_fence._.jpg,Real,0.9909,0.9909,real,True
coco_Cars_are_travelling_on_a_foreign_city_street..jpg,Real,0.8028,0.8028,real,True
coco_Two_plane_flying_over_a_sea_and_island.jpg,Real,0.9934,0.9934,real,True
coco_A_car_with_alarm_clocks_and_flowers_on_it's_dash_board..jpg,Real,0.9992,0.9992,real,True
coco_a_red_white_and_black_plane_parked_inside_a_building_.jpg,Fake,0.6729,0.3271,real,False
coco_A_plane_is_flying_above_the_airport_terminal.jpg,Real,1.0000,1.0000,real,True
coco_A_row_of_wooden_cages_with_white_sheets_over_them..jpg,Real,0.9993,0.9993,real,True
coco_The_man_is_giving_the_young_girl_a_ride_on_his_motorcycle..jpg,Real,0.8495,0.8495,real,True
coco_It's_wondrous_how_that_big_airplane_manages_to_stay_up_in_the_sky..jpg,Real,0.9857,0.9857,real,True
coco_The_door_of_a_public_bus_with_a_reflection_of_a_woman's_photo_in_the_side_window_of_the_bus..jpg,Real,0.9998,0.9998,real,True
coco_A_mini_car_mouse_is_sitting_on_a_mousepad_with_the_headlights_on..jpg,Real,0.9996,0.9996,real,True
coco_A_woman_carrying_shopping_bags_past_a_tall_fire_hydrant..jpg,Real,0.9962,0.9962,real,True
coco_A_toilet_in_a_bathroom_suspended_in_the_air.jpg,Real,0.9999,0.9999,real,True
coco_The_train_is_passing_by_the_open_field..jpg,Real,0.9802,0.9802,real,True
coco_a_bath_room_with_a_toilet_a_sink_and_a_bath_tub.jpg,Real,0.9691,0.9691,real,True
coco_A_street_sign_for_Davis_St._and_Third_Ave._with_a_skyscraper_behind..jpg,Real,0.9549,0.9549,real,True
coco_A_train_traveling_down_tracks_next_to_a__building..jpg,Real,0.8440,0.8440,real,True
coco_a_close_up_of_two_giraffes_with_a_rock_background.jpg,Real,0.9821,0.9821,real,True
coco_a_close_up_of_a_toilet_with_tiled_walls_.jpg,Real,0.9750,0.9750,real,True
coco_Two_urinals_in_wall_with_a_white_divider..jpg,Fake,0.5469,0.4531,real,False
coco_A_couple_of_boats_floating_on_top_of_a_body_of_water..jpg,Real,0.9997,0.9997,real,True
coco_A_toilet_is_outside_on_the_sidewalk_by_a_door..jpg,Real,0.7675,0.7675,real,True
coco_a_small_bird_on_a_branch_in_a_tree.jpg,Real,0.9958,0.9958,real,True
coco_A_dog_with_goggles_is_in_a_motorcycle_side_car..jpg,Real,0.9910,0.9910,real,True
coco_A_long_train_traveling_along_side_of_a_mountain..jpg,Real,0.9925,0.9925,real,True
coco_about_twenty_people_riding_bicycles_through_a_town_area.jpg,Real,0.6944,0.6944,real,True
coco_a_white_and_blue_bus_is_by_a_curb.jpg,Real,0.9989,0.9989,real,True
coco_a_small_toy_plane_flying_over_a_street_.jpg,Real,1.0000,1.0000,real,True
coco_A_man_is_walking_down_the_street_in_front_of_a_red_door..jpg,Real,0.8212,0.8212,real,True
coco_A_gray_and_black_bird_sitting_next_to_the_ocean..jpg,Real,0.9945,0.9945,real,True
coco_a_man_is_shaving_in_a_mirror_in_a_bathroom.jpg,Real,0.9996,0.9996,real,True
coco_The_view_of_a_room_with_several_different_utensils_displayed_on_shelves..jpg,Real,0.8521,0.8521,real,True
coco_We_are_looking_at_a_black_and_white_shot_of_a_train_platform..jpg,Real,0.8955,0.8955,real,True
coco_Large_tree_with_wooden_picnic_bench_in_wilderness_area.jpg,Real,0.9949,0.9949,real,True
coco_a_yellow_and_black_train_is_coming_down_the_tracks.jpg,Real,0.9959,0.9959,real,True
coco_A_man_is_sitting_on_his_motorcycle_and_ready_to_go._.jpg,Fake,0.7512,0.2488,real,False
coco_A_clean_bathroom_is_pictured_in_this_image..jpg,Real,0.9691,0.9691,real,True
coco_A_white_bird_walking_through_a_shallow_area_of_water..jpg,Fake,0.6075,0.3925,real,False
coco_A_large_commercial_airplane_sitting_on_the_runway..jpg,Real,0.8444,0.8444,real,True
coco_A_bench_partially_buried_in_sand_on_a_beach_near_the_ocean..jpg,Real,0.9994,0.9994,real,True
coco_A_black_train_with_smoke_coming_out_of_it_on_a_track._.jpg,Real,0.9578,0.9578,real,True
coco_A_tall_giraffe_standing_in_a_forest_on_a_grassy_ground..jpg,Real,0.9614,0.9614,real,True
coco_A_herd_of_animals_laying_down_in_a_lush_green_field..jpg,Real,0.9931,0.9931,real,True
coco_A_giraffe_grazing_on_a_tree_in_the_wilderness_with_other_wildlife.jpg,Real,0.9999,0.9999,real,True
coco_A_picture_of_rush_hour_traffic_on_the_streets..jpg,Real,0.9999,0.9999,real,True
coco_A_couple_of_sheep_walking_across_a_lush_green_field..jpg,Real,0.9942,0.9942,real,True
coco_A_motorcycle_that_is_painted_green_and_parked..jpg,Real,0.9216,0.9216,real,True
coco_A_small_black_dog_sitting_in_front_of_a_TV..jpg,Real,1.0000,1.0000,real,True
coco_Two_toilets_sitting_on_a_sidewalk_with_a_cardboard_box..jpg,Real,0.9315,0.9315,real,True
coco_A_woman_standing_in_front_of_a_bathroom_mirror..jpg,Real,0.9994,0.9994,real,True
coco_A_child's_train_sitting_on_top_of_snow_near_a_building..jpg,Real,0.9754,0.9754,real,True
coco_A_teddy_bear_is_seen_looking_out_the_window..jpg,Real,0.9950,0.9950,real,True
coco_The_neck_and_head_of_two_large_giraffes_by_a_tree..jpg,Real,0.9998,0.9998,real,True
coco_A_towel_hangs_beneath_a_sink_in_a_bathroom..jpg,Fake,0.7098,0.2902,real,False
coco_A_stop_sign_is_at_an_intersection_on_Morgan_Rd..jpg,Real,0.9028,0.9028,real,True
coco_A_couple_flying_a_kite_at_dusk_on_the_seaside..jpg,Real,0.9981,0.9981,real,True
coco_The_train_could_be_going_as_fast_as_lightning.jpg,Real,0.9780,0.9780,real,True
coco_A_large_green_gate_sitting_in_front_of_a_red_brick_building..jpg,Real,0.9973,0.9973,real,True
coco_A_red_bus_on_street_next_to_buildings..jpg,Real,0.9814,0.9814,real,True
coco_A_man_standing_next_to_a_woman_in_a_room..jpg,Real,1.0000,1.0000,real,True
coco_A_bench_sits_all_alone_on_a_beach_looking_at_the_magnificent_ocean_view..jpg,Real,0.9996,0.9996,real,True
coco_A_blue_train_traveling_along_a_very_long_bridge..jpg,Real,0.9389,0.9389,real,True
coco_A_giraffe_grazing_from_tree_with_brick_wall_in_background..jpg,Real,0.9993,0.9993,real,True
coco_A_man_sitting_on_a_bench_looking_out_to_sea..jpg,Real,0.9982,0.9982,real,True
coco_a_bathroom_with_a_wooden_water_box_for_the_toilet.jpg,Real,0.9976,0.9976,real,True
coco_A_clean_bathroom_with_blue_tiles_on_wall_and_counter..jpg,Real,0.9833,0.9833,real,True
coco_A_doughnut_shop_sign_hanging_off_the_side_of_a_building..jpg,Real,0.9804,0.9804,real,True
coco_A_kitchen_area_with_stove,_shoveling_and_a_dishwasher..jpg,Real,0.9992,0.9992,real,True
coco_The_lights_are_on_above_the_mirror_of_the_bathroom_sink..jpg,Real,0.9998,0.9998,real,True
coco_Several_bicycles_lined_up_against_a_brick_building..jpg,Real,0.9978,0.9978,real,True
coco_a_line_of_cars_with_a_motorcycle_in_front.jpg,Real,0.9987,0.9987,real,True
coco_a_man_standing_next_to_a_red_train_near_a_train_track_.jpg,Real,0.9968,0.9968,real,True
coco_A_display_of_a_toilet_and_sink_in_a_store._.jpg,Real,0.9994,0.9994,real,True
coco_A_couch_sitting_next_to_a_white_fire_hydrant..jpg,Real,0.9999,0.9999,real,True
coco_A_small_sink_inside_of_a_very_clean_and_white_bathroom._.jpg,Real,0.9999,0.9999,real,True
coco_A_cat_and_a_metal_bowl_on_a_wooden_platform..jpg,Real,1.0000,1.0000,real,True
coco_An_image_looking_down_in_to_a_toilet..jpg,Real,0.9977,0.9977,real,True
coco_a_person_standing_in_an_alley_with_sheep.jpg,Real,0.9999,0.9999,real,True
coco_A_women_in_a_sunhat_and_sunglasses_posing_beside_a_bilingual_English-Arabic_stop_sign..jpg,Real,0.5339,0.5339,real,True
coco_A_person_standing_in_front_of_a_stop_sign_in_the_dark..jpg,Real,0.9959,0.9959,real,True
coco_A_small_bath_room_with_a_sink_and_toilet..jpg,Real,0.9989,0.9989,real,True
coco_A_couple_of_airplanes_that_are_sitting_on_a_runway..jpg,Real,0.9885,0.9885,real,True
coco_A_street_sign_that_indicates_that_you_shouldn't_turn_left..jpg,Fake,0.5329,0.4671,real,False
coco_a_man_and_some_people_riding_on_a_raft_.jpg,Real,0.9999,0.9999,real,True
coco_A_man_standing_with_his_back_to_a_mirror,_but_his_reflection_facing_him._.jpg,Real,0.9957,0.9957,real,True
coco_Woman_pushing_a_stroller_into_a_blue_building..jpg,Real,0.9851,0.9851,real,True
coco_A_row_of_park_benches_with_flower_beds_hanging_next_to_them..jpg,Real,0.7304,0.7304,real,True
coco_A_person_holding_an_old_phone_showing_it_to_the_camera..jpg,Real,0.9999,0.9999,real,True
coco_A_person_that_is_feeding_an_animal_with_her_hand..jpg,Real,0.9995,0.9995,real,True
coco_a_kitchen_with_a_sink_a_shelf_and_a_chair.jpg,Real,0.9870,0.9870,real,True
coco_A_small_white_car_with_a_small_white_dog_riding_in_it..jpg,Real,0.9920,0.9920,real,True
coco_A_large_giraffe_is_standing_in_a_vast_green_field._.jpg,Real,0.9407,0.9407,real,True
coco_A_herd_of_zebra_standing_around_a_tall_wooden_tree..jpg,Real,0.9990,0.9990,real,True
coco_A_group_of_people_walk_around_in_a_business_area..jpg,Real,0.9984,0.9984,real,True
coco_A_locomotive_is_on_the_tracks_along_side_some_trees..jpg,Real,0.9793,0.9793,real,True
coco_there_is_a_large_sign_that_says_a_street_name_on_it.jpg,Real,0.9988,0.9988,real,True
coco_Hospital_display_of_different_bed_setups_and_a_nurses_uniform._.jpg,Real,0.9990,0.9990,real,True
coco_A_man_standing_next_to_a_train_going_through_grand_central_station.jpg,Real,0.9699,0.9699,real,True
coco_A_trolley_in_a_populated_downtown_area_with_people..jpg,Real,0.9993,0.9993,real,True
coco_A_man_on_a_motorcycle_outside_in_a_black_and_white_photo_.jpg,Real,0.5577,0.5577,real,True
coco_a_stuffed_animal_and_a_figurine_are_sitting_on_a_bench_and_water.jpg,Real,0.9986,0.9986,real,True
coco_A_small_red_fire_hydrant_in_grassy_field..jpg,Real,0.9190,0.9190,real,True
coco_A_large_group_of_people_on_a_beach_that_is_next_to_a_mountain_range..jpg,Real,0.9469,0.9469,real,True
coco_A_brown_wooden_bench_sitting_up_against_a_wall..jpg,Real,0.9997,0.9997,real,True
coco_there_is_a_small_bathroom_that_is_white_and_has_a_toilet.jpg,Real,0.9999,0.9999,real,True
coco_A_giraffe_standing_next_to_a_palm_tree..jpg,Real,0.9790,0.9790,real,True
coco_A_herd_of_sheep_walking_across_a_lush_green_field..jpg,Real,0.9998,0.9998,real,True
coco_The_Big_Ben_clock_tower_towering_over_the_city_of_London..jpg,Real,0.9998,0.9998,real,True
coco_A_plane_with_water_skies_for_landing_gear_coming_in_for_a_landing_at_a_lake..jpg,Real,0.9976,0.9976,real,True
coco_A_bowl_of_prepared_food_including_rice,_meat_and_broccoli..jpg,Real,0.9952,0.9952,real,True
coco_a_red_fire_hydrant_in_the_middle_of_a_green_field..jpg,Real,0.8017,0.8017,real,True
coco_Two_orange_and_silver_trains_passing_on_a_street..jpg,Real,0.9985,0.9985,real,True
coco_A_small_herd_of_sheep_walking_along_a_grass_covered_field..jpg,Real,0.7785,0.7785,real,True
coco_A_large_white_toilet_next_to_a_child's_white_toilet..jpg,Real,0.8939,0.8939,real,True
coco_A_close_up_of_a_front_end_of_a_motorcycle_and_tire..jpg,Fake,0.5191,0.4809,real,False
coco_A_group_of_people_sitting_around_a_table_under_an_umbrella..jpg,Real,1.0000,1.0000,real,True
coco_train-00007-of-00008_128_A_red_stop_sign_sitting_under_a_green_street_sign..jpg,Real,0.9981,0.9981,real,True
coco_two_bikes_parked_on_the_street_with_pizza_delivery_boxes_attached_to_their_back_ends.jpg,Real,0.9929,0.9929,real,True
coco_A_toilet_as_is_typical_in_Asian_countries._.jpg,Real,0.9975,0.9975,real,True
coco_Two_sheep_running_in_the_snow_with_something_covering_their_bodies._.jpg,Real,0.9834,0.9834,real,True
coco_A_look_out_of_the_window_of_a_train_on_the_tracks..jpg,Real,0.9936,0.9936,real,True
coco_a_number_of_large_air_planes_at_terminals_.jpg,Real,0.9862,0.9862,real,True
coco_A_crowd_of_people_standing_around_a_field..jpg,Real,0.9963,0.9963,real,True
coco__A_city_bus_parked_on_a_very_steep_hill.jpg,Real,0.9987,0.9987,real,True
coco_A_two_way_street_sign_picture_from_a_piece_camera_film.jpg,Real,1.0000,1.0000,real,True
coco_A_couple_of_bikers_riding_on_top_of_motorcycles_down_a_street..jpg,Real,0.9998,0.9998,real,True
coco_Two_mountain_goats_standing_on_the_side_of_a_mountain..jpg,Real,0.9937,0.9937,real,True
coco_One_giraffe_sitting_on_the_grass_and_another_giraffe_standing_up._.jpg,Real,0.9986,0.9986,real,True
coco_A_city_bus_moving_along_a_road_with_many_trees..jpg,Real,0.9931,0.9931,real,True
coco_A_gray_and_yellow_train_traveling_along_the_tracks.jpg,Fake,0.8480,0.1520,real,False
coco_A_man_riding_on_the_back_of_a_brown_horse_in_front_of_a_truck..jpg,Real,0.9654,0.9654,real,True
coco_A_blue_and_white_bus_is_traveling_down_the_road._.jpg,Real,0.9895,0.9895,real,True
coco_A_man_with_a_red_helmet_on_a_small_moped_on_a_dirt_road._.jpg,Real,0.9998,0.9998,real,True
coco_Beautiful_gray_clouds_with_light_cascading_out_of_them..jpg,Real,0.9996,0.9996,real,True
coco_Train_wreck_fallen_down_into_a_body_of_water..jpg,Real,0.8147,0.8147,real,True
coco_An_orange_stripe_cat_sitting_on_top_of_a_wooden_bench..jpg,Real,0.9825,0.9825,real,True
coco_Several_vehicles_turning_the_corner_on_a_busy_intersection..jpg,Real,0.9595,0.9595,real,True
coco_A_street_scene_with_a_double_decker_bus..jpg,Real,0.9976,0.9976,real,True
coco_A_blue_fire_hydrant_above_two_pairs_of_shoes..jpg,Fake,0.5728,0.4272,real,False
coco_A_blue_train_car_sitting_on_top_of_train_tracks..jpg,Real,0.8143,0.8143,real,True
coco_A_bathroom_has_a_large_mirror_and_black_wall..jpg,Real,0.9983,0.9983,real,True
coco_A_group_of_people_gather_to_get_on_a_bus_at_the_bus_stop..jpg,Real,0.9997,0.9997,real,True
coco_Two_birds_sit_on_top_of_a_parked_car..jpg,Real,0.9377,0.9377,real,True
coco_There_is_a_big_stop_sign_colored_in_red_and_white_.jpg,Real,0.9807,0.9807,real,True
coco_Separate_men_sitting_on_park_benches_playing_on_phone_and_reading..jpg,Real,0.9993,0.9993,real,True
coco_A_hummingbird_sitting_on_a_plant_preparing_to_flap_its_wings..jpg,Real,0.9019,0.9019,real,True
coco_An_old_man_wearing_a_red_tie_and_a_black_vest..jpg,Real,0.9939,0.9939,real,True
coco_A_white_bus_traveling_down_a_road_next_to_a_car..jpg,Real,0.9997,0.9997,real,True
coco_Three_men_all_walking_in_the_middle_of_the_road_..jpg,Real,1.0000,1.0000,real,True
coco_A_kitchen_with_a_wooden_table_next_to_a_metallic_refrigerator_freezer..jpg,Real,0.9995,0.9995,real,True
coco_A_large_passenger_jet_taking_off_from_an_airport_runway..jpg,Real,0.9998,0.9998,real,True
coco_A_bench_in_a_park_covered_in_lots_of_snow..jpg,Real,0.9999,0.9999,real,True
coco_Two_trains_riding_side_by_side_on_two_tracks.jpg,Real,0.9823,0.9823,real,True
coco_A_young_man_in_a_sweat_shirt_is_standing_on_a_wooden_walkway..jpg,Real,0.9981,0.9981,real,True
coco_A_wooden_bench_sitting_next_to_an_entrance..jpg,Real,0.9998,0.9998,real,True
coco_a_wooden_bench_that_has_colorful_decorations_.jpg,Fake,0.9263,0.0737,real,False
coco_A_train_traveling_down_tracks_out_in_a_rural_country_area..jpg,Real,0.9865,0.9865,real,True
coco_An_unfinished_bathroom_with_a_toilet_is_being_worked_on..jpg,Real,0.9998,0.9998,real,True
coco_The_toilet_is_in_a_room_with_exposed_pipes..jpg,Real,0.9969,0.9969,real,True
coco_A_trio_of_dogs_sitting_in_their_owner's_lap_in_a_red_convertible..jpg,Real,0.9860,0.9860,real,True
coco_Three_tropical_bird_perched_on_top_of_high_bare_branches_.jpg,Real,0.9739,0.9739,real,True
coco_a_subway_train_with_one_passenger_waiting_to_board_.jpg,Real,0.9976,0.9976,real,True
coco_Giraffes_have_a_very_long_tongue_to_go_with_their_long_neck..jpg,Real,0.9965,0.9965,real,True
coco_A_kitchen_cluttered_with_dishes_with_a_stove_and_oven..jpg,Real,0.9992,0.9992,real,True
coco_The_torso_of_a_man_who_is_holding_a_knife..jpg,Real,0.9964,0.9964,real,True
coco_a_bathroom_with_a_sink_a_mirror_and_a_toilet.jpg,Real,0.9828,0.9828,real,True
coco_A_flock_of_birds_are_flying_above_the_spire_of_a_building_tower..jpg,Fake,0.9665,0.0335,real,False
coco_A_river_with_lots_of_trees_on_the_river_banks_and_a_bridge_in_the_middle_of_the_river..jpg,Real,0.9982,0.9982,real,True
coco_A_man_has_stopped_in_the_middle_of_the_street_and_his_hands_are_full..jpg,Real,0.9966,0.9966,real,True
coco_A_traffic_light_and_a_large_train_on_a_track..jpg,Real,0.9990,0.9990,real,True
coco_A_man_and_two_women_walking_their_dogs_and_hiking_in_the_woods..jpg,Real,0.9993,0.9993,real,True
coco_The_blue_and_white_bus_is_travelling_down_the_street..jpg,Real,0.9402,0.9402,real,True
coco_a_public_transit_bus_on_a_city_street_.jpg,Real,0.9966,0.9966,real,True
coco_A_giraffe_kneeling_in_the_grass_near_a_fence..jpg,Fake,0.9916,0.0084,real,False
coco_A_furry_dog_standing_next_to_a_fire_hydrant..jpg,Real,0.9996,0.9996,real,True
coco_two_brown_dogs_seated_on_a_bench_with_their_string.jpg,Real,0.9985,0.9985,real,True
coco_Two_tennis_players_are_sitting_on_the_bench..jpg,Real,0.9881,0.9881,real,True
coco_A_giraffe_running_across_a_desert_plain_at_a_high_speed..jpg,Real,0.9980,0.9980,real,True
coco_a_small_plane_with_a_propellor_sitting_on_a_runway.jpg,Real,0.9937,0.9937,real,True
coco_The_cat_is_peeking_out_from_inside_the_purse..jpg,Real,0.9980,0.9980,real,True
coco_A_military_motorcycle_is_parked_behind_a_van_on_a_street_way..jpg,Real,0.9997,0.9997,real,True
coco_A_blue_bus_is_crossing_the_intersection_with_various_vehicles_behind_it..jpg,Real,0.9864,0.9864,real,True
coco_A_white_and_red_bus_driving_down_a_street..jpg,Real,0.9794,0.9794,real,True
coco_A_few_school_buses_are_parked_near_other_vehicles._.jpg,Real,0.9986,0.9986,real,True
coco_A_donkey_leads_a_herd_of_sheep_down_a_busy_street..jpg,Real,0.9991,0.9991,real,True
coco_a_white_structure_with_a_building_in_the_background.jpg,Real,0.9872,0.9872,real,True
coco_A_city_street_filled_with_traffic_and_traffic_lights..jpg,Real,0.9976,0.9976,real,True
coco_Two_large_commercial_airplanes_sitting_on_the_runway..jpg,Real,0.9444,0.9444,real,True
coco_A_bus_window_with_finger_writing_on_it..jpg,Real,0.9972,0.9972,real,True
coco_A_long_haired_cat_lounging_on_top_of_a_car..jpg,Real,0.9960,0.9960,real,True
coco_A_motorcycle_on_a_gravel_area_with_people_in_the_background..jpg,Real,0.9856,0.9856,real,True
coco_A_toilet_and_a_computer_monitor_on_the_ground..jpg,Real,0.6668,0.6668,real,True
coco_A_pair_of_men_wearing_waders_stand_in_shallow_water..jpg,Real,0.9946,0.9946,real,True
coco_A_group_of_people_boarding_in_airplane_on_a_runway...jpg,Real,0.9994,0.9994,real,True
coco_A_colorful_cuckoo_clock_with_the_clock_hands_at_six_o'clock..jpg,Real,0.9865,0.9865,real,True
coco_A_banana_that_is_sitting_in_a_bowl_on_the_table..jpg,Real,0.9999,0.9999,real,True
coco_Traffic_is_stopped_on_the_road_because_of_a_red_light..jpg,Real,0.9914,0.9914,real,True
coco_A_passenger_bus_that_is_driving_down_the_street..jpg,Real,0.9998,0.9998,real,True
coco_A_dog_sitting_in_the_sidecar_of_a_motorcycle..jpg,Real,0.9999,0.9999,real,True
coco_A_bar_is_shown_with_a_tv_and_decorations..jpg,Real,0.9999,0.9999,real,True
coco_Two_buses_hitched_together_sitting_on_the_street..jpg,Real,0.9977,0.9977,real,True
coco_A_man_riding_on_the_back_of_a_motorcycle_down_a_road..jpg,Fake,0.9587,0.0413,real,False
coco_older_women_sit_on_a_bench,_with_one_of_the_women_holding_crutches.jpg,Real,0.9038,0.9038,real,True
coco_A_woman_is_in_the_kitchen_and_cooking._.jpg,Real,0.9732,0.9732,real,True
coco_a_close_up_of_a_bird_with_a_blurry_background.jpg,Real,0.9988,0.9988,real,True
coco_A_white_bus_driving_down_a_street_near_buildings..jpg,Real,0.9947,0.9947,real,True
coco_a_man_wearing_leather_riding_on_a_motorcycle_.jpg,Real,0.9788,0.9788,real,True
coco_THERE_IS_AN_ADULT_CAT_THAT_IS_LYING_DOWN_IN_THE_SINK_.jpg,Real,0.6368,0.6368,real,True
coco_a_sign_on_a_beach_at_sun_set.jpg,Fake,0.9069,0.0931,real,False
coco_A_room_that_has_a_bed_and_a_bathtub..jpg,Real,0.9976,0.9976,real,True
coco_a_kitchen_with_cabinets_and_counter_tops_sitting_on_a_tiled_floor.jpg,Real,0.9999,0.9999,real,True
coco_A_white_cat_sitting_in_the_drivers_seat_of_a_car..jpg,Real,0.9988,0.9988,real,True
coco_The_green_and_white_city_bus_is_parked_a_the_curb..jpg,Real,0.9992,0.9992,real,True
coco_A_large_commercial_aircraft_flying_in_the_sky.jpg,Real,0.9945,0.9945,real,True
coco_A_group_of_people_in_suits_standing_in_a_kitchen..jpg,Real,0.9224,0.9224,real,True
coco_The_small_bathroom_has_wooden_cabinets_around_the_sink..jpg,Real,0.9046,0.9046,real,True
coco_A_bathroom_with_a_sink_under_a_huge_vanity_mirror..jpg,Real,0.9993,0.9993,real,True
coco_The_freight_train_is_speeding_through_the_crossing..jpg,Real,0.9904,0.9904,real,True
coco_A_plate_of_pasta_with_sauce_and_bread_on_a_table..jpg,Real,0.9996,0.9996,real,True
coco_A_plane_sitting_on_top_of_a_dirt_field_next_to_another_plane..jpg,Real,0.9960,0.9960,real,True
coco_A_fire_hydrant_sitting_on_the_side_of_a_road_near_a_building..jpg,Real,0.9971,0.9971,real,True
coco_Red_street_lights_on_an_empty_intersection_with_no_traffic.jpg,Real,0.9924,0.9924,real,True
coco_A_small_bathroom_with_a_shower,_sink,_and_two_toilets..jpg,Real,0.9993,0.9993,real,True
coco_A_woman_who_is_holding_her_little_dog..jpg,Real,1.0000,1.0000,real,True
coco_A_cluttered_bathroom_with_a_toilet_and_sink..jpg,Real,0.9999,0.9999,real,True
coco_An_airplane_flying_through_a_blue_sky_with_propellers..jpg,Real,0.9608,0.9608,real,True
coco_A_cat_sitting_on_the_back_of_a_car_seat..jpg,Real,0.9976,0.9976,real,True
coco_A_white_tiled_bathroom_with_black_counter_top..jpg,Fake,0.9496,0.0504,real,False
coco_There_are_a_lot_of_animals_on_the_hills..jpg,Real,0.9963,0.9963,real,True
coco_a_man_taking_a_nap_on_the_bench_in_the_middle_of_a_park.jpg,Real,0.9994,0.9994,real,True
coco_Three_giraffes_grazing_in_a_forested_area._.jpg,Real,0.9996,0.9996,real,True
coco_a_group_of_people_on_motorcycles_drive_down_the_road.jpg,Real,0.9995,0.9995,real,True
coco_A_golden_ladder_sitting_next_to_a_large_black_vase..jpg,Real,0.9974,0.9974,real,True
coco_A_group_of_giraffes_and_a_couple_of_deer_stand_in_the_dust..jpg,Real,0.6359,0.6359,real,True
coco_a_man_sitting_on_a_bench_talking_on_his_cell_phone.jpg,Real,0.9649,0.9649,real,True
coco_A_cat_is_dressed_like_santa_with_a_meme_put_together..jpg,Real,0.9984,0.9984,real,True
coco_a_small_cat_stands_on_some_snowy_plank_.jpg,Real,1.0000,1.0000,real,True
coco_A_massive_wooden_ship_beached_on_snow_covered_ground..jpg,Real,0.7445,0.7445,real,True
coco_A_white__and_gray_water_fixture_sitting_on_top_of_cardboard..jpg,Real,0.9912,0.9912,real,True
coco_Several_giraffes,_including_an_infant,_stand_in_an_exhibit..jpg,Real,0.5623,0.5623,real,True
coco_A_plane_that_is_flying_over_the_trees..jpg,Real,0.9975,0.9975,real,True
coco_A_red_stop_sign_sitting_below_a_tall_building..jpg,Real,0.8584,0.8584,real,True
coco_A_lot_of_birds_flying_around_on_a_beach..jpg,Real,0.9987,0.9987,real,True
coco_Wooden_bench_on_hillside_near_grassy_sloped_area..jpg,Real,0.8554,0.8554,real,True
coco_A_small_red_airplane_on_the_runway_at_the_airport._.jpg,Real,0.9172,0.9172,real,True
coco_Two_women_wearing_hats_standing_near_a_fence..jpg,Real,1.0000,1.0000,real,True
coco_A_woman_holding_an_umbrella_over_another_man..jpg,Real,0.9998,0.9998,real,True
coco_Commercial_airliner_over_runway_at_airport_on_smoggy_day..jpg,Real,0.9871,0.9871,real,True
coco_Two_sheep_that_are_standing_in_the_grass..jpg,Real,0.9924,0.9924,real,True
coco_Two_people_are_looking_in_a_mirror_near_a_traffic_light_and_fire_hydrant..jpg,Real,0.9986,0.9986,real,True
coco_A_standing_toilet_sitting_inside_of_a_stone_and_cement_room..jpg,Real,0.9997,0.9997,real,True
coco_This_quaint_backyard_has_a_shed_and_a_bench.jpg,Real,0.9976,0.9976,real,True
coco_A_traffic_sign_in_front_of_large_trees_and_a_building..jpg,Real,0.9992,0.9992,real,True
coco_A_glass_vase_filled_with_oranges_on_a_table_next_to_a_plate_filled_with_even_more_oranges..jpg,Real,0.9978,0.9978,real,True
coco_There_is_a_crowd_of_people_waiting_for_the_train._.jpg,Real,0.9962,0.9962,real,True
coco_The_Seattle_Space_Needle_as_a_Jumbo_Jet_Plane_flies_by..jpg,Real,0.9997,0.9997,real,True
coco_a_red_humming_bird_outside_at_a_humming_bird_feeder
.jpg,Real,0.9493,0.9493,real,True
coco_A_train_traveling_down_train_tracks_next_to_two_buildings..jpg,Real,0.9740,0.9740,real,True
coco_Volunteer_firemen_with_their_truck_shooting_out_a_jet_of_water.jpg,Real,0.9976,0.9976,real,True
coco_Two_people_are_looking_at_a_truck_while_a_dog_is_being_walked..jpg,Real,0.9999,0.9999,real,True
coco_The_white_train_is_at_a_platform_at_evening_time..jpg,Real,0.9992,0.9992,real,True
coco_A_yellow_and_blue_train_traveling_along_tracks..jpg,Real,0.9789,0.9789,real,True
coco_cars_that_are_stopped_at_a_traffic_light.jpg,Real,0.9991,0.9991,real,True
coco_A_man_sits_on_a_bench_in_a_no_smoking_area.jpg,Real,0.5362,0.5362,real,True
coco_A_flock_of_sheep_walking_down_a_road_with_a_man_and_young_girl._.jpg,Real,0.9977,0.9977,real,True
coco_A_giraffe_in_a_grassy_field_near_a_hill..jpg,Real,0.9999,0.9999,real,True
coco_A_motorcycle_rally_on_the_street_with_many_spectators..jpg,Real,0.9508,0.9508,real,True
coco_The_table__top_was_white_with_brown_chairs.jpg,Real,0.9994,0.9994,real,True
coco_A_desk_with_a_book,_computer_and_other_electronic_devices._.jpg,Real,0.9999,0.9999,real,True
coco_A_woman_kissing_a_giraffe_over_a_wooden_fence..jpg,Real,0.9986,0.9986,real,True
coco_A_bird_sitting_on_top__of_an_orange_slice..jpg,Real,0.9011,0.9011,real,True
coco_a_person_riding_skis_in_the_middle_of_a_snowy_street.jpg,Real,0.6943,0.6943,real,True
coco_A_red_stop_sign_with_a_sticker_of_a_man_holding_up_a_sword..jpg,Real,0.8100,0.8100,real,True
coco_A_stove_top_oven_covered_in_pots_and_pans..jpg,Real,0.9843,0.9843,real,True
coco_Sheep_are_in_a_field_near_a_fence_and_on_a_tractor..jpg,Real,0.9944,0.9944,real,True
coco_A_highway_with_a_Rue_Paul_St._sign_beside_it..jpg,Real,0.9907,0.9907,real,True
coco_An_enclose_in_a_building_with_a_giraffe_in_the_background..jpg,Real,0.9891,0.9891,real,True
coco_A_very_nice_looking_train_by_a_plat_form..jpg,Real,0.9924,0.9924,real,True
coco_A_man_in_tie,_black_coat_and_a_hat..jpg,Real,0.6460,0.6460,real,True
coco_a_woman_posing_on_a_wooden_bench_in_the_woods.jpg,Real,0.9518,0.9518,real,True
coco_A_large_clock_tower_with_a_clock_on_it's_face..jpg,Real,0.9548,0.9548,real,True
coco_A_city_street_line_with_brick_buildings_and_trees..jpg,Real,0.8266,0.8266,real,True
coco_A_green_train_traveling_through_a_train_yard..jpg,Real,0.9940,0.9940,real,True
coco_Two_bathroom_sinks_under_two_mirrors_next_to_paper_towel_dispenser..jpg,Real,0.9992,0.9992,real,True
coco_A_picture_of_a_two-story_bus_by_the_street..jpg,Real,0.9888,0.9888,real,True
coco_A_plane_that_is_flying_in_the_air..jpg,Real,0.8986,0.8986,real,True
coco_there_is_a_one_way_street_sign_under_a_street_name_sign.jpg,Real,0.9708,0.9708,real,True
coco_A_walkway_lined_with_green_trees_next_to_park_benches..jpg,Fake,0.8729,0.1271,real,False
coco_An_orange_detour_sign_hanging_from_a_metal_pole_under_a_cloudy_sky..jpg,Real,0.9847,0.9847,real,True
coco_A_kitchen_with_lots_of_clutter_and_an_open_drawer..jpg,Real,0.9928,0.9928,real,True
coco_Towels_hanging_on_an_oven_in_a_kitchen.jpg,Real,1.0000,1.0000,real,True
coco_A_white_toilet_sitting_next_to_a_red_counter_with_a__sink..jpg,Real,0.9779,0.9779,real,True
coco_a_man_riding_a_small_motorcycle_in_the_bustling_streets.jpg,Real,0.9994,0.9994,real,True
coco_A_kitchen_with_a_stove_and_a_microwave..jpg,Real,0.9598,0.9598,real,True
coco_a_fire_hydrant_in_a_field_with_trees_in_the_background.jpg,Real,0.9579,0.9579,real,True
coco_A_kitchen_complete_with_a_microwave,_sink,_and_dishwasher..jpg,Real,0.9992,0.9992,real,True
coco_A_man_riding_a_motorcycle_down_a_city_street..jpg,Real,0.9981,0.9981,real,True
coco_There_is_a_black_and_white_photo_with_a_bench_falling_over..jpg,Real,0.9531,0.9531,real,True
coco_A_tiled_bathroom_altered_to_suit_the_needs_of_the_handicapped..jpg,Real,0.9939,0.9939,real,True
coco_a_purple_bus_standing_outside_the_building_and_a_woman_coming_out.jpg,Real,0.9667,0.9667,real,True
coco_Cute_little_cat_sitting_inside_of_a_bidet.jpg,Real,0.7590,0.7590,real,True
coco_A_man_leaning_on_his_motorcycle_along_the_roadside..jpg,Real,0.9733,0.9733,real,True
coco_Some_smiling_happy_skiers_riding_on_a_lift..jpg,Real,0.9995,0.9995,real,True
coco_The_jet_is_flying_high_in_sky_threw_the_sun.jpg,Real,0.9285,0.9285,real,True
coco_A_traffic_light_with_a_building_in_the_background..jpg,Real,0.9879,0.9879,real,True
coco_a_lady_and_man_standing_next_to_a_fire_hyrdgen.jpg,Real,0.9998,0.9998,real,True
coco_A_yellow_traffic_light_above_a_street_next_to_houses..jpg,Real,0.9909,0.9909,real,True
coco_A_person_on_a_street_next_to_a_motor_bike..jpg,Real,0.9984,0.9984,real,True
coco_A_PICTURE_OF_ALL_WHITE_IN_A_BATHROOM_.jpg,Fake,0.6377,0.3623,real,False
coco_an_image_of_a_a_plane_that_is_flying_in_the_air.jpg,Real,0.9998,0.9998,real,True
coco_A_passenger_jetliner_sitting_on_top_of_a_tarmac_at_an_airport..jpg,Real,0.9057,0.9057,real,True
coco_A_yellow_fire_hydrant_sitting_in_front_of_a_building..jpg,Real,1.0000,1.0000,real,True
coco_a_small_toilet_in_a_bathroom_with_tile_walls.jpg,Real,0.9992,0.9992,real,True
coco_A_bird_stands_on_the_ground_among_dried_leaves..jpg,Real,0.9856,0.9856,real,True
coco_A_couple_of_men_herding_sheep_down_a_road..jpg,Real,0.9970,0.9970,real,True
coco_A_couple_of_beautiful_women_talking_to_an_older_man..jpg,Real,0.9958,0.9958,real,True
coco_Elderly_woman_preparing_beverages_in_modern_kitchen_of_home..jpg,Real,0.9813,0.9813,real,True
coco_A_double_deck_bus_parked_along_the_curb_in_front_of_a_building..jpg,Real,0.9917,0.9917,real,True
coco_A_motorcycle_sitting_on_the_side_of_a_street_corner..jpg,Real,0.9680,0.9680,real,True
coco_a_close_up_of_many_toy_sheeps_on_a_table_.jpg,Real,0.6288,0.6288,real,True
coco_A_group_of_giraffe_standing_next_to_each_other_on_a_field..jpg,Real,0.9930,0.9930,real,True
coco_A_table_with_four_bowls_of_food_on_the_top..jpg,Real,0.9700,0.9700,real,True
coco_A_train_with_graffiti_moves_along_the_railroad_tracks..jpg,Real,0.9993,0.9993,real,True
coco_Car_parked_in_the_parking_lot_next_to_the_pier.jpg,Real,0.9893,0.9893,real,True
coco_A_distant_airplane_flying_between_two_large_buildings..jpg,Real,0.9987,0.9987,real,True
coco_A_large_herd_of_sheep_are_walking_behind_a_wire_fence..jpg,Real,0.9811,0.9811,real,True
coco_A_row_of_motorcycles_parked_in_front_of_a_building..jpg,Real,0.8542,0.8542,real,True
coco_train-00001-of-00008_619_A_man_riding_on_the_back_of_a_blue_motorcycle..jpg,Real,0.9904,0.9904,real,True
coco_White_counter_top_sink_with_wooden_cabinets_and_a_mirror._.jpg,Real,0.9985,0.9985,real,True
coco_A_pirstine_white_and_black_bathroom_with_a_tub_by_a_window.jpg,Real,0.9621,0.9621,real,True
coco_A_woman_sitting_on_top_of_a_bench_looking_beautiful..jpg,Real,0.9895,0.9895,real,True
coco_A_damaged_sign_that_says_STATE_LAW_YIELD_TO_PEDESTRIANS_WITHIN_CROSSWALK..jpg,Real,0.8076,0.8076,real,True
coco_A_airplane_banking_to_the_right_as_it_ascends_into_the_sky.jpg,Real,0.7697,0.7697,real,True
coco_A_large_black_train_on_a_train_track._.jpg,Fake,0.9604,0.0396,real,False
coco_a_brown_and_black_counter_a_bath_tub_and_a_mirror_and_cups.jpg,Real,0.9994,0.9994,real,True
coco_A_kitchen_filled_with_lots_of_counter_top_space..jpg,Fake,0.5401,0.4599,real,False
coco_The_two_yellow_trains_are_coming_down_from_the_mountain..jpg,Real,1.0000,1.0000,real,True
coco_A_man_sitting_on_a_parked_motorcycle_on_the_street_.jpg,Real,0.9938,0.9938,real,True
coco_A_lot_if_birds_are_standing_at_the_beach_shore.jpg,Fake,0.9439,0.0561,real,False
coco_Black_and_white_photo_of_a_clocktower_and_a_bird..jpg,Real,0.9046,0.9046,real,True
coco_A_giraffe_standing_next_to_a_brick_building..jpg,Real,0.9968,0.9968,real,True
coco_A_herd_of_sheep_standing_on_top_of_a_lush_green_field_grazing..jpg,Real,0.9999,0.9999,real,True
coco_A_late_night,_long-exposure_picture_of_a_city_street..jpg,Real,0.9651,0.9651,real,True
coco_The_left_side_of_a_white_dog_sitting_on_a_couch..jpg,Real,0.9898,0.9898,real,True
coco_A_man_getting_off_a_double_decker_bus.jpg,Fake,0.6032,0.3968,real,False
coco_A_tall_giraffe_standing_next_to_a_herd_of_deer..jpg,Fake,0.5766,0.4234,real,False
coco_Two_eyes_peeping_through_two_doors_with_a_floor.jpg,Fake,0.5254,0.4746,real,False
coco_A_white_toilet_sitting_next_to_a_bathroom_sink..jpg,Real,0.9712,0.9712,real,True
coco_A_bathroom_with_a_sink_under_a_mirror..jpg,Real,0.9927,0.9927,real,True
coco_A_cat_is_laying_in_front_of_a_laptop_and_a_monitor.__.jpg,Real,0.9981,0.9981,real,True
coco_A_man_in_a_red_shirt_standing_next_to_an_airplane..jpg,Real,0.9991,0.9991,real,True
coco_A_picture_of_a_painting_and_a_couch..jpg,Real,0.9999,0.9999,real,True
coco_A_table_that_has_a_cup_of_coffee_and_a_book_set_on_it..jpg,Real,0.9871,0.9871,real,True
coco_Decorated_elephant_statue_near_many_bicycles_in_racks..jpg,Real,0.9989,0.9989,real,True
coco_A_person_riding_a_bike_in_the_rain_while_holding_an_umbrella..jpg,Real,0.9999,0.9999,real,True
coco_A_motorcycle_is_parked_in_the_gravel_alongside_a_street..jpg,Real,0.9244,0.9244,real,True
coco_Three_sheep_in_the_process_of_running_on_grass_outside..jpg,Real,0.9328,0.9328,real,True
coco_A_silver_mountain_bike_is_on_a_boat..jpg,Real,0.9996,0.9996,real,True
coco_A_close_up_view_of_a_giraffe's_face..jpg,Real,0.9628,0.9628,real,True
coco_A_girl_and_boy_playing_on_a_fire_hydrant..jpg,Real,0.9967,0.9967,real,True
coco_Passenger_air_planes_parked_at_an_airport,_overcast_weather..jpg,Real,0.9236,0.9236,real,True
coco_A_giraffe_standing_next_to_a_palm_tree_on_a_field..jpg,Real,0.9996,0.9996,real,True
coco_A_group_of_people_skiing_down_a_snow_covered_slope..jpg,Real,0.9956,0.9956,real,True
coco_A_person_rides_an_ATV_with_other_ATVS.jpg,Real,1.0000,1.0000,real,True
coco_Three_double_decker_busses_are_parked_in_front_of_a_building..jpg,Real,0.9964,0.9964,real,True
coco_Doorway_view_to_a_bathroom_with_a_sink,_cabinets_and_a_toilet..jpg,Real,0.9993,0.9993,real,True
coco_A_cat_that_is_laying_down_underneath_a_car..jpg,Real,0.9726,0.9726,real,True
coco_A_yellow_bus_is_going_under_a_bridge.jpg,Real,0.9996,0.9996,real,True
coco_A_toilet_with_a_light_blue_cover_next_to_a_shower..jpg,Real,0.9916,0.9916,real,True
coco_A_child_on_a_skateboard_is_performing_a_trick_on_a_slab..jpg,Real,0.9983,0.9983,real,True
coco_A_train_sitting_next_to_a_loading_area_near_a_house..jpg,Real,0.9999,0.9999,real,True
coco_a_sculpture_made_of_spoons_and_an_old_toaster.jpg,Real,0.9819,0.9819,real,True
coco_The_car_is_traveling_down_the_road_while_the_dog_watches..jpg,Real,0.9773,0.9773,real,True
coco_A_bus_stop_next_to_a_curvy_road_surrounded_by_traffic_lights..jpg,Real,0.9989,0.9989,real,True
coco_A_motorcycle_parked_next_to_a_yellow_thing_and_tree..jpg,Real,0.9996,0.9996,real,True
coco_Bathroom_with_wood_trim_and_toiletries_with_window.jpg,Real,0.8363,0.8363,real,True
coco_An_empty_bathroom_with_a_shower_next_to_a_toilet..jpg,Real,0.9985,0.9985,real,True
coco_A_man_riding_a_motorcycle_down_a_street_with_a_person..jpg,Fake,0.7136,0.2864,real,False
coco_A_chef_in_a_kitchen_preparing_a_meal..jpg,Real,0.9974,0.9974,real,True
coco_A_red_street_sign_next_to_a_no_parking_sign..jpg,Real,0.9399,0.9399,real,True
coco_A_train_is_travelling_on_a_railroad_track..jpg,Real,0.9541,0.9541,real,True
coco_A_person_with_a_cell_phone_and_a_umbrella..jpg,Real,0.9998,0.9998,real,True
coco_A_blue_and_white_train_on_tracks_with_blue_sky_in_background..jpg,Real,0.5066,0.5066,real,True
coco_A_bullet_train_is_going_through_a_tunnel..jpg,Real,0.9815,0.9815,real,True
coco_A_giraffe_sticking_out_is_tongue_to_grasp_an_item_from_a_person's_hand..jpg,Real,0.5696,0.5696,real,True
coco_a_train_that_is_on_a_train_track.jpg,Fake,0.9476,0.0524,real,False
coco_A_white_bathroom_with_a_sink,_towels_and_tub..jpg,Real,0.9936,0.9936,real,True
coco_A_large_building_on_the_corner_of_the_intersection._.jpg,Real,0.9007,0.9007,real,True
coco_a_bird_ready_to_take_off_an_edge_made_of_cement_.jpg,Real,0.9992,0.9992,real,True
coco_Large_giraffe_standing_in_the_shade_underneath_a_tree_in_a_field._.jpg,Real,0.9849,0.9849,real,True
coco_A_basket_filled_with_ripe_bananas_on_top_of_a_table..jpg,Real,0.9799,0.9799,real,True
coco_A_green_and_white_bus_driving_down_a__city_street..jpg,Real,0.8434,0.8434,real,True
coco_A_woman_wearing_a_net_on_her_head_cutting_a_cake._.jpg,Real,0.9990,0.9990,real,True
coco_A_close-up_of_the_streetlamp_showing_to_red_street_signs..jpg,Real,0.9364,0.9364,real,True
coco_A_man_sees_a_double_reflection_in_his_mirror..jpg,Real,1.0000,1.0000,real,True
coco_A_fire_burns_while_a_person_rides_a_green_motorcycle_and_several_motorcycles_are_flipping_in_the_air..jpg,Real,0.9994,0.9994,real,True
coco_A_group_of_people_walking_on_a_street_by_some_cars..jpg,Real,0.9298,0.9298,real,True
coco_A_giraffe_standing_next_to_a_pile_or_rocks..jpg,Real,0.9932,0.9932,real,True
coco_A_city_street_with_a_storm_drain,_fire_hydrant,_and_manhole_cover..jpg,Real,0.7503,0.7503,real,True
coco_A_car_parked_next_to_a_bench_along_a_city_street..jpg,Real,1.0000,1.0000,real,True
coco_Motorcycles_parked_in_a_row_in_the_street._.jpg,Real,0.9942,0.9942,real,True
coco_there_is_a_bus_that_is_stopped_and_is_very_dark.jpg,Real,0.9969,0.9969,real,True
coco_A_man_sitting_on_a_bench_holding_a_blue_umbrella_with_black_dots..jpg,Real,0.9800,0.9800,real,True
coco_A_large_Air_Force_jet_taking_off_of_a_runway..jpg,Real,0.9987,0.9987,real,True
coco_A_train_is_going_down_the_track_under_a_bridge..jpg,Real,0.9802,0.9802,real,True
coco_An_empty_living_room_in_an_apartment_with_several_chairs_sitting_in_the_middle_of_it..jpg,Real,0.9978,0.9978,real,True
coco_A_bathtub_sits_next_a_window_showing_a_ferris_wheel..jpg,Real,0.9999,0.9999,real,True
coco_A_cat_laying_on_a_rug_next_to_a_sliding_glass_door..jpg,Real,1.0000,1.0000,real,True
coco_A_motorcycle_parked_on_a_lush_green_field..jpg,Real,0.9843,0.9843,real,True
coco_There_is_a_blue_and_yellow_train_stopped_at_a_train_stop.jpg,Real,0.9991,0.9991,real,True
coco_A_green_and_white_street_sign_that_reads_lincoln_av_e..jpg,Real,0.9902,0.9902,real,True
coco_A_toy_horse_is_sitting_on_a_sidewalk_next_a_fire_hydrant..jpg,Real,0.9949,0.9949,real,True
coco_A_street_light_stands_in_front_of_a_Best_Buy..jpg,Real,0.9939,0.9939,real,True
coco_A_very_cute_cat_laying_in_a_very_small_sink..jpg,Real,0.9992,0.9992,real,True
coco_A_little_girl_is_making_a_huge_mess_with_a_birthday_cake._.jpg,Real,0.9887,0.9887,real,True
coco_A_bird_flying_over_an_ocean,_with_a_wave_crashing_behind_it..jpg,Fake,0.5044,0.4956,real,False
coco_A_kid_standing_there_looking_at_his_snowboard_on_the_snow_covered_walkway._.jpg,Real,0.9999,0.9999,real,True
coco_A_black_and_white_photo_of_a_snow_covered_bench..jpg,Real,0.8736,0.8736,real,True
coco_A_group_of_motorcycle_riders_racing_down_a_track..jpg,Real,0.9610,0.9610,real,True
coco_A_youth_wearing_a_yellow_hat_is_rowing_a_boat_down_the_stream..jpg,Real,0.9999,0.9999,real,True
coco_A_man_sitting_on_top_of_a_bench_near_some_pigeons..jpg,Real,0.9988,0.9988,real,True
coco_An_ANA_blue_and_white_airplane_at_an_airport._.jpg,Real,0.9193,0.9193,real,True
coco_A_motorcycle_drives_on_the_street_beside_a_city_bus..jpg,Real,1.0000,1.0000,real,True
coco_The_man_is_holding_two_knives_in_his_hands..jpg,Real,0.9771,0.9771,real,True
coco_A_very_green_bench_that_is_in_some_grass..jpg,Real,0.9730,0.9730,real,True
coco_A_person_standing_next_to_a_couple_of_motor_bikes..jpg,Real,0.9997,0.9997,real,True
coco_A_group_of_women_that_are_standing_near_each_other..jpg,Real,0.9986,0.9986,real,True
coco_A_row_of_parked_bicycles_sitting_on_a_side_walk..jpg,Real,0.9998,0.9998,real,True
coco_Roadway_intersections_in_urban_area_near_waterway_with_bridge..jpg,Real,0.9984,0.9984,real,True
coco_a_man_that_is_riding_a_bike_on_some_concrete_.jpg,Real,0.9907,0.9907,real,True
coco_A_white_church_sitting_at_the_bottom_of_a_hillside..jpg,Real,0.9991,0.9991,real,True
coco_An_worn_out_rainbow_colored_park_bench_seat.jpg,Real,0.9482,0.9482,real,True
coco_train-00000-of-00008_373_A_large_long_train_on_a_steel_track..jpg,Real,0.8597,0.8597,real,True
coco_A_park_with_many_trees_and_benches_at_night._.jpg,Real,0.9999,0.9999,real,True
coco_a_group_of_motorcycles_next_to_each_other_in_front_of_an_advertisement.jpg,Real,0.9723,0.9723,real,True
coco_Several_pieces_of_art_and_a_painting_on_display.jpg,Real,0.9948,0.9948,real,True
coco_a_black_and_yellow_fire_hydrant_is_near_the_street.jpg,Real,0.8119,0.8119,real,True
coco_Two_giraffe_standing_next_to_each_other_in_a_field_next_to_a_tree..jpg,Real,0.9893,0.9893,real,True
coco_Fair-goers_sit_in_the_shade_outside_a_carnival_tent..jpg,Real,0.9819,0.9819,real,True
coco_A_group_of_people_standing_outside_of_a_bus..jpg,Real,0.7279,0.7279,real,True
coco_The_entrance_for_a_subway_on_a_city_street..jpg,Real,0.9941,0.9941,real,True
coco_a_buffalo_and_a_giraffe_are_in_a_field.jpg,Real,0.9228,0.9228,real,True
coco_A_wall_mounted_oven_inside_of_a_kitchen_with_a_large_entrance..jpg,Real,0.9100,0.9100,real,True
coco_A_bus_on_a_street_that_only_allows_buses..jpg,Real,0.9999,0.9999,real,True
coco_A_bathroom_with_white_urinals_amd_sinks_and_brown_stall_doors..jpg,Real,0.9845,0.9845,real,True
coco_Young_woman_carrying_an_opened_umbrella_in_a_city_neighborhood..jpg,Real,0.9969,0.9969,real,True
coco_A_bathroom_showing_the_bathtub_and_the_sink_and_mirror..jpg,Real,0.9997,0.9997,real,True
coco_A_stop_top_oven_in_a_kitchen_next_to_a_couple_of_windows..jpg,Real,0.9984,0.9984,real,True
coco_A_white_toilet_sitting_under_a_window_on_an_airplane..jpg,Real,0.9901,0.9901,real,True
coco_A_black_bird_that_is_sitting_on_a_branch..jpg,Real,0.9957,0.9957,real,True
coco_A_group_o_sheep_with_blue_markings_in_a_grassy_field..jpg,Real,0.9972,0.9972,real,True
coco_A_large_passenger_airplane_flying_through_the_air..jpg,Real,0.9957,0.9957,real,True
coco_The_windows_of_a_railroad_train_photographed_against_a_cloudy_background..jpg,Real,0.9999,0.9999,real,True
coco_A_kitchen_with_a_stove,_microwave,_telephone,_table_and_chair._.jpg,Real,0.9978,0.9978,real,True
coco_A_white,_red_and_blue_bus_on_street_next_to_people_walking..jpg,Real,0.9953,0.9953,real,True
coco_a_man_sitting_on_a_bench_with_a_backpack_and_a_cane_.jpg,Real,0.9972,0.9972,real,True
coco_A_man_playing_chess_as_a_cat_watches_in_the_other_chair..jpg,Real,0.9492,0.9492,real,True
coco_A_white_bus_driving_past_a_hillside_covered_with_trees..jpg,Real,0.9720,0.9720,real,True
coco_A_row_of_motorcycles_parked_next_to_each_other..jpg,Real,0.9989,0.9989,real,True
coco_A_power_line_with_lots_of_different_components..jpg,Real,0.8941,0.8941,real,True
coco_A_trash_can_is_sitting_next_to_a_lowered_curb..jpg,Real,0.9974,0.9974,real,True
coco_Inside_a_restroom_stall,_a_rag_floats_in_the_toilet_water..jpg,Real,0.9998,0.9998,real,True
coco_A_man_holding_a_remote_control_in_his_mouth..jpg,Real,0.8708,0.8708,real,True
coco_A_yellow_stripped_cat_sitting_in_a_bathroom_sink..jpg,Real,0.9979,0.9979,real,True
coco_A_street_devoid_of_traffic_surrounded_by_tall_buildings..jpg,Real,0.8883,0.8883,real,True
coco_A_man_holding_an_umbrella_while_walking_down_a_street..jpg,Real,0.9847,0.9847,real,True
coco_train-00006-of-00008_702_A_man_riding_on_the_back_of_a_motorcycle_down_a_street..jpg,Real,0.9996,0.9996,real,True
coco_An_airplane_taking_off_from_an_airport_at_night..jpg,Real,0.9991,0.9991,real,True
coco_A_red_fire_hydrant_between_two_trees_in_front_of_a_building..jpg,Real,0.9463,0.9463,real,True
coco_A_man_riding_a_motorcycle_across_a_lush_green_park..jpg,Real,1.0000,1.0000,real,True
coco_A_blue_and_yellow_bus_parked_in_front_of_a_man_with_a__bike..jpg,Real,0.9999,0.9999,real,True
coco_A_sidewalk_lined_with_parked_cars_next_to_tall_buildings..jpg,Real,0.7793,0.7793,real,True
coco_A_lot_of_traffic_on_the_road_in_the_city..jpg,Real,0.9997,0.9997,real,True
coco_There_is_a_car_with_bicycles_on_the_top_of_it..jpg,Real,0.9992,0.9992,real,True
coco_A_pedestrian_crossing_sign_sitting_on_a_street_corner..jpg,Real,0.9998,0.9998,real,True
coco_A_train_traveling_past_a_brick_wall_near_a_tank..jpg,Real,0.9193,0.9193,real,True
coco_A_single_giraffee_standing_in_a_dried_field..jpg,Real,0.9883,0.9883,real,True
coco_A_train_is_being_doodled_with_green_and_blue..jpg,Real,0.9885,0.9885,real,True
coco_A_giraffe_in_the_wild_all_alone_.jpg,Real,0.6160,0.6160,real,True
coco_Giraffe_standing_on_a_grass_covered_field_next_to_a_hill..jpg,Real,0.9491,0.9491,real,True
coco_A_kitchen_with_an_oven_and_a_dishwasher..jpg,Real,0.8958,0.8958,real,True
coco_A_train_traveling_down_train_tracks_next_to_a_train_yard..jpg,Fake,0.9189,0.0811,real,False
coco_A_man_sitting_on_a_bench_next_to_pigeons_holding_a_news_paper..jpg,Fake,0.6946,0.3054,real,False
coco_A_large_white_bird_flying_over_a_sandy_beach..jpg,Real,0.9969,0.9969,real,True
coco_An_airplane_sits_on_the_tarmac_of_an_airport,_with_a_disconnected_boarding_gate..jpg,Real,0.9988,0.9988,real,True
coco_A_couple_of_zebra_walking_next_to_a_giraffe_on_a_lush_green_field..jpg,Fake,0.8604,0.1396,real,False
coco_A_boy_is_laying_on_a_bench_in_a_park..jpg,Real,0.8402,0.8402,real,True
coco_A_railroad_train_heading_toward_a_traffic_light_on_the_tracks.jpg,Real,0.9632,0.9632,real,True
coco_train-00005-of-00008_389_A_large_passenger_jet_flying_through_a_cloudy_sky..jpg,Fake,0.5735,0.4265,real,False
coco_A_person_driving_a_car_towards_an_overpass..jpg,Real,0.8003,0.8003,real,True
coco_A_woman_standing_in_a_kitchen_holding_a_jug_of_milk..jpg,Real,1.0000,1.0000,real,True
coco_Some_animals_are_attacking_a_white_car_in_the_middle_of_nowhere._.jpg,Real,1.0000,1.0000,real,True
coco_A_woman_standing_over_a_sheet_cake_sitting_on_top_of_a_table..jpg,Real,1.0000,1.0000,real,True
coco_a_downward_view_of_a_small_toilet_in_a_room.jpg,Real,0.9995,0.9995,real,True
coco_there_are_many_rocks_on_the_side_of_this_road.jpg,Real,0.9302,0.9302,real,True
coco_A_black_bird_landing_on_the_leaves_in_the_water.jpg,Real,0.9913,0.9913,real,True
coco_a_desk_with_a_monitor_and_keyboard_and_mouse.jpg,Real,0.9499,0.9499,real,True
coco_Some_food_is_sitting_on_a_stove_top_in_a_kitchen_area..jpg,Real,0.9966,0.9966,real,True
coco_The_view_from_the_inside_of_a_jetliner_looking_out_over_the_earth..jpg,Real,0.9991,0.9991,real,True
coco_A_tourist_looks_at_sheep_grazing_in_a_yard.jpg,Real,0.9996,0.9996,real,True
coco_A_picture_of_someone's_desk_that_has_a_lot_of_stuff_on_it..jpg,Real,0.9999,0.9999,real,True
coco_a_mirror_that_has_a_big_white_sink_on_it.jpg,Real,0.9735,0.9735,real,True
coco_A_large_crane_lifting_up_a_school_bus_on__a_parking_lot..jpg,Real,0.9997,0.9997,real,True
coco_A_young_giraffe_peers_inquisitively_at_the_photographer..jpg,Real,0.9607,0.9607,real,True
coco_A_man_in_a_wetsuit_is_holding_his_surfboard_on_the_pier._.jpg,Real,0.9905,0.9905,real,True
coco_A_microwave_and_counter_in_a_small_room..jpg,Real,0.9981,0.9981,real,True
coco_A_red_stop_sign_sitting_on_the_side_of_a_pole..jpg,Real,0.9993,0.9993,real,True
coco_A_city_street_with_a_two_story_bus..jpg,Real,0.9999,0.9999,real,True
coco_A_large_and_small_giraffe_standing_in_a_grassy_field._.jpg,Real,0.6915,0.6915,real,True
coco_This_kitchen_contains_a_stove_with_an_exhaust_hood,_many_cabinets,_and_a_microwave..jpg,Real,0.9981,0.9981,real,True
coco_A_bike_sitting_In_a_glass_window_in_a_building.jpg,Real,1.0000,1.0000,real,True
coco_A_small_train_ride_with_little_tracks_through_the_grass.jpg,Real,0.9401,0.9401,real,True
coco_A_green_train_is_rolling_down_the_tracks.jpg,Real,0.9866,0.9866,real,True
coco_Two_men_riding_mopeds,_one_with_a_woman_and_boy_riding_along..jpg,Real,0.9991,0.9991,real,True
coco_A_subway_terminal_with_passengers_and_luggage_traveling..jpg,Real,0.9956,0.9956,real,True
coco_A_small_kitchen_with_black_and_wooden_cabinets..jpg,Real,0.9775,0.9775,real,True
coco_A_tow_truck_driving_past_a_very_old_stop_sign..jpg,Real,0.9909,0.9909,real,True
coco_A_person_pouring_water_into_a_drain_from_a_bowl..jpg,Real,0.9891,0.9891,real,True
coco_An_orange_fire_hydrant_sitting_next_to_a_stone_wall..jpg,Real,0.5872,0.5872,real,True
coco_A_street_sign_surrounded_by_beautiful_potted_flowers_in_bloom..jpg,Fake,0.7353,0.2647,real,False
coco_A_bathroom_with_a_standing_shower_next_to_a_sink_and_mirror..jpg,Real,0.5425,0.5425,real,True
coco_a_bathroom_with_a_toilet_and_a_stand_up_shower.jpg,Real,0.9760,0.9760,real,True
coco_A_boy_covering_his_face_as_a_fire_hydrant_blows_water_at_him..jpg,Real,0.9967,0.9967,real,True
coco_a_little_giraffe_sitting_on_the_ground_next_to_a_somewhat_bigger_one_.jpg,Real,0.9753,0.9753,real,True
coco_underside_of_a_plane_flying_through_a_cloudy_sky.jpg,Fake,0.7759,0.2241,real,False
coco_A_red_fancy_bus_is_parked_by_a_standing_man..jpg,Fake,0.6277,0.3723,real,False
coco_A_woman_preparing_food_at_a_restaurant_for_customers..jpg,Real,0.9982,0.9982,real,True
coco_A_metallic_toilet_sitting_in_a_metallic_stall..jpg,Real,0.9984,0.9984,real,True
coco_A_man_standing_at_a_kitchen_counter_working..jpg,Real,0.9975,0.9975,real,True
coco_A_stylized_photograph_of_a_really_old_fire_hydrant_sitting_beside_a_bent_iron_handrail..jpg,Real,0.9992,0.9992,real,True
coco_A_passenger_train_traveling_through_rural_mountain_countryside..jpg,Real,0.9993,0.9993,real,True
coco_Small_kitchen_with_white_cabinets_and_white_appliances_with_a_city_view._.jpg,Real,0.9961,0.9961,real,True
coco_The_bathroom_has_wood_trim_and_white_furniture..jpg,Real,0.6909,0.6909,real,True
coco_Cute_multi_colored_kitten_sitting_in_woman's_lap.jpg,Real,1.0000,1.0000,real,True
coco_A_sign_letting_tourist_know_where_to_file_elephant_complaints..jpg,Real,0.6702,0.6702,real,True
coco_two_colorful_parrots_sitting_on_some_tree_branches_while_one_chews_on_it_.jpg,Real,0.9973,0.9973,real,True
coco_A_orange_tabby_cat_laying_down_on_a_black_car.jpg,Real,0.9984,0.9984,real,True
coco_a_large_body_of_water_with_trees_in_the_background.jpg,Real,0.7137,0.7137,real,True
coco_Closeup_of_a_computer_dashboard_with_flashing_lights_and_numbers..jpg,Real,0.9994,0.9994,real,True
coco_Woman_standing_in_a_dark_wooded_kitchen_with_a_carton_in_her_hands..jpg,Real,1.0000,1.0000,real,True
coco_A_picture_of_a_street_named_Bill_Robertson.jpg,Real,0.9967,0.9967,real,True
coco_A_composting_toilet_is_shown_for_sale_at_a_store..jpg,Real,0.9960,0.9960,real,True
coco_An_odd_couple_of_formal_woman_in_black_dress_and_pearls_with_casual_boy_in_a_cap_and_untidy_clothes_and_hair..jpg,Real,1.0000,1.0000,real,True
coco_The_pair_of_shoes_is_on_the_bathroom_floor_near_the_cabinet._.jpg,Real,0.9994,0.9994,real,True
coco_A_person_with_a_robe_on_is_fixing_something_on_the_ceiling._.jpg,Real,0.9999,0.9999,real,True
coco_this_fire_hydrant_has_a_painting_on_it.jpg,Real,0.9987,0.9987,real,True
coco_A_construction_sign_sitting_in_the_middle_of_a_road..jpg,Real,0.9980,0.9980,real,True
coco_An_old_fashioned_street_sign_in_a_town_on_the_corner._.jpg,Real,0.9752,0.9752,real,True
coco_A_series_of_different_bridges_over_a_large_body_of_water..jpg,Real,0.9999,0.9999,real,True
coco_A_train_is_stopped_at_a_station_beside_a_traffic_signal..jpg,Real,0.9941,0.9941,real,True
coco_Black_and_white_photo_of_a_trolley_car..jpg,Real,0.8965,0.8965,real,True
coco_A_child_with_a_helmet_on_a_motor_bike..jpg,Real,0.9284,0.9284,real,True
coco_The_kitchen_sits_empty_and_unused_during_the_day..jpg,Real,0.9958,0.9958,real,True
coco_A_crosstown_bus_is_parked_on_the_street..jpg,Real,0.9970,0.9970,real,True
coco_Traffic_lights_and_people_walking_as_other_on_a_crane_continue_with_their_work.jpg,Real,0.9996,0.9996,real,True
coco_A_kitchen_that_is_in_the_process_of_having_the_floors_done_.jpg,Real,0.9990,0.9990,real,True
coco_A_bathroom_with_an_enclosed_shower_door_next_to_a_toilet..jpg,Real,0.9523,0.9523,real,True
coco_a_sunset_over_the_water_with_birds_in_the_air.jpg,Real,0.9240,0.9240,real,True
coco_The_bench_is_empty_at_night_in_the_park.jpg,Real,0.9992,0.9992,real,True
coco_A_motorcycle_parked_next_to_a_group_of_electrical_boxes..jpg,Real,0.9993,0.9993,real,True
coco_The_decorated_bench_is_sitting_among_the_flowers..jpg,Real,0.9995,0.9995,real,True
coco_some_cats_laying_on_a_dock_with_their_chins_laying_over_the_end_.jpg,Real,0.9885,0.9885,real,True
coco_A_group_of_zebras_next_to_each_other_with_two_giraffes_in_the_distance..jpg,Real,0.9109,0.9109,real,True
coco_A_one_way_sign_that_is_on_a_pole..jpg,Fake,0.7678,0.2322,real,False
coco_The_fire_hydrant_on_the_side_of_the_road_is_painted_a_bright_yellow_and_orange..jpg,Real,0.9990,0.9990,real,True
coco_A_man_wearing_a_straw_hat_and_playing_the_guitar..jpg,Real,1.0000,1.0000,real,True
coco_A_stove_top_burner_sitting_inside_of_a_storage_room..jpg,Real,1.0000,1.0000,real,True
coco_This_train_car_features_a_variety_of_colors_and_carries_passengers..jpg,Real,0.8297,0.8297,real,True
coco_A_brown_plane_is_parked_at_air_port.jpg,Real,0.9997,0.9997,real,True
coco_A_bench_sitting_in_the_middle_of_a_lake..jpg,Real,0.9888,0.9888,real,True
coco_A_airplane_mirror_where_clouds_can_be_seen..jpg,Real,0.8720,0.8720,real,True
coco_A_train_traveling_down_train_tracks_past_some_houses..jpg,Real,0.9579,0.9579,real,True
coco_A_small_plain_looking_rest_room_with_a_tub_and_toilet..jpg,Real,0.9980,0.9980,real,True
coco_An_indoor_train_platform_and_tracks_with_a_passenger_train_pulled_up_next_to_the_platform..jpg,Real,0.9690,0.9690,real,True
coco_A_couple_of_jetliner_sitting_on_top_of_an_airport_runway..jpg,Real,1.0000,1.0000,real,True
coco_A_person_riding_a_baby_blue_motorcycle_near_haystacks
.jpg,Real,0.9955,0.9955,real,True
coco_A_public_restroom_in_a_state_of_disrepair..jpg,Real,0.9953,0.9953,real,True
coco_AA_tennis_player_sitting_down_drying_himself_off.jpg,Real,0.9945,0.9945,real,True
coco_a_tree_surrounded_by_a_little_bench_with_someone_sitting_on_it.jpg,Real,0.9966,0.9966,real,True
coco_A_cook_slices_up_food_while_preparing_a_dish..jpg,Real,0.9973,0.9973,real,True
coco_A_red_fire_hydrant_with_a_green_cap_with_a_bird_on_top_of_it..jpg,Real,0.9646,0.9646,real,True
coco_A_white_toilet_sitting_next_to_a_shower_in_a_bathroom..jpg,Real,0.9985,0.9985,real,True
coco_Six_sheep_stand_close_together_near_a_grassy_hill..jpg,Real,0.9802,0.9802,real,True
coco_Two_toilets_sit_near_each_other_in_the_same_room..jpg,Real,0.6415,0.6415,real,True
coco_Two_green_and_white_jetliners_sitting_on_top_of_an_airport_runway..jpg,Real,0.9876,0.9876,real,True
coco_there_are_many_trains_that_are_stopped_on_the_tracks.jpg,Fake,0.8262,0.1738,real,False
coco_A_parking_sign_is_displaying_spaces_available_on_a_city_street.jpg,Real,0.9988,0.9988,real,True
coco_A_man_on_a_motorcycle_with_a_woman_on_back.jpg,Real,0.9994,0.9994,real,True
coco_An_open_toilet_with_a_sign_posted_on_it..jpg,Real,0.9978,0.9978,real,True
coco_Some_signs_on_a_street_corner_near_some_buildings..jpg,Real,0.9982,0.9982,real,True
coco_Blue_and_orange_large_birds_on_tree_with_metal_pot..jpg,Real,0.9869,0.9869,real,True
coco_A_fisherman_stands_on_the_cold_beach_fishing..jpg,Real,1.0000,1.0000,real,True
coco_two_men_in_in_a_white_raft_and_a_ship_behind_them.jpg,Real,0.9982,0.9982,real,True
coco_The_two_young_children_are_playing_with_a_plastic_chair..jpg,Real,1.0000,1.0000,real,True
coco_An_orange_and_blue_bus_parked_on_the_side_of_a_road..jpg,Real,0.9902,0.9902,real,True
coco_A_black_and_white_still_life_of_a_branch_with_flowers_in_a_vase.jpg,Fake,0.9972,0.0028,real,False
coco_A_man_sitting_on_a_large_bench_talking_on_a_cell_phone..jpg,Real,0.9948,0.9948,real,True
coco_A_cement_bench_near_a_railing_that_overlooks_a_large_body_of_calm_water..jpg,Real,1.0000,1.0000,real,True
coco_Woman_riding_her_bike_down_a_small_side_path..jpg,Real,1.0000,1.0000,real,True
coco_A_parked_motor_bike_on_the_side_of_a_the_street..jpg,Real,0.9998,0.9998,real,True
coco_Two_people_sitting_at_a_table_eating_food.jpg,Real,0.9959,0.9959,real,True
coco_Plane_in_window_with_cloudy_sky_and_chairs_.jpg,Real,0.5015,0.5015,real,True
coco_A_plane_is_on_display_near_the_water..jpg,Real,0.9986,0.9986,real,True
coco_A_group_of_ducks_floating_on_top_of_a_lake..jpg,Real,0.7423,0.7423,real,True
coco_Two_sheep_are_looking_over_a_cement_wall..jpg,Real,1.0000,1.0000,real,True
coco_A_kitchen_is_shown_with_a_variety_of_items_on_the_counters..jpg,Real,0.9983,0.9983,real,True
coco_A_gray_cat_laying_on_top_of_a_wooden_book_shelf..jpg,Real,0.9996,0.9996,real,True
coco_A_lot_of_wooden_shelves_filled_with_lots_of_clutter..jpg,Real,0.9954,0.9954,real,True
coco_A_bus_turning_a_corner_on_a_city_street..jpg,Real,0.9998,0.9998,real,True
coco_A_few_different_colorfully_designed_trucks,_as_people_approach._.jpg,Real,0.9956,0.9956,real,True
coco_A_white_bathroom_has_a_white_shower_curtain..jpg,Real,0.9983,0.9983,real,True
coco_A_man_wearing_a_beret_while_using_a_laptop_computer..jpg,Real,0.9998,0.9998,real,True
coco_A_person_walking_in_the_rain_on_the_sidewalk._.jpg,Real,0.6094,0.6094,real,True
coco_A_bus_with_no_roof_has_lots_of_seats_in_back..jpg,Real,0.9992,0.9992,real,True
coco_A_man_smiling_in_a_suit_and_tie,_wearing_a_hat..jpg,Real,0.7156,0.7156,real,True
coco_A_sign_for_a_dancing_club_is_hanging_from_a_building..jpg,Fake,0.7048,0.2952,real,False
coco_A_couple_of_buses_driving_down_a_city_street..jpg,Real,0.9964,0.9964,real,True
coco_A_bathtub_is_in_a_bathroom_with_green_tile..jpg,Real,0.9887,0.9887,real,True
coco_a_motorcycle_is_hanging_in_the_air_with_plants_on_it.jpg,Real,0.9780,0.9780,real,True
coco_A_group_of_people_observing_two_planes_at_an_air_show._.jpg,Real,0.9993,0.9993,real,True
coco_A_giraffe_walking_through_tall_grass_between_trees..jpg,Real,0.9947,0.9947,real,True
coco_A_red_and_white_fire_hydrant_on_a_sidewalk_at_the_park..jpg,Real,0.9946,0.9946,real,True
coco_A_blue_bowl_sitting_on_a_table_with_a_banana_in_it._.jpg,Real,0.9975,0.9975,real,True
coco_many__birds_flying_in_the_air_and_walking_on_a_beach.jpg,Real,0.9836,0.9836,real,True
coco_a_young_female_siting_on_a_bench_near_a_small_stagnant_lake.jpg,Fake,0.8927,0.1073,real,False
coco_A_couple_of_people_standing_next_to_a_food_cart_filled_with_smoke..jpg,Real,0.8655,0.8655,real,True
coco_a_park_with_flowers_on_a_sunny_day..jpg,Real,0.9668,0.9668,real,True
coco_A_gray_fire_hydrant_sitting_next_to_a_brick_wall..jpg,Real,0.9700,0.9700,real,True
coco_a_giraffe_that_is_standing_in_a_field..jpg,Real,0.9368,0.9368,real,True
coco_A_man_waling_his_bike_along_a_road_with_cars..jpg,Real,0.9998,0.9998,real,True
coco_A_passenger_jet_aircraft_flying_in_the_sky..jpg,Real,0.9991,0.9991,real,True
coco_A_bus_stop_sign_on_a_city_street..jpg,Real,0.9994,0.9994,real,True
coco_some_cars_on_a_wet_street_buildings_and_traffic_lights.jpg,Real,0.8126,0.8126,real,True
coco_A_pair_of_dogs_sit_on_a_bathroom_rug..jpg,Real,0.9992,0.9992,real,True
coco_A_cat_sitting_on_top_of_a_window_sill_over_a_sink..jpg,Real,0.9999,0.9999,real,True
coco_A_crowd_of_people_standing_outside_of_a_hotel_on_snow_covered_ground..jpg,Real,0.9998,0.9998,real,True
coco_The_hitchhiker_is_waiting_for_the_next_available_ride..jpg,Real,0.9429,0.9429,real,True
coco_train-00007-of-00008_402_A_big_commercial_plane_flying_in_cloudy_skies..jpg,Real,0.5793,0.5793,real,True
coco_A_double_decker_sight_seeing_bus_is_driving_on_the_road._.jpg,Real,0.9876,0.9876,real,True
coco_A_propeller_plane_flying_through_a_gray_sky..jpg,Real,0.9794,0.9794,real,True
coco_A_red_double-decker_bus_sits_in_a_parking_lot..jpg,Real,0.9825,0.9825,real,True
coco_A_picture_of_a_dog_laying_on_the_ground..jpg,Real,0.5881,0.5881,real,True
coco_a_couple_of_giraffes_are_standing_on_a_trail.jpg,Real,0.9827,0.9827,real,True
coco_a_giraffe_behind_a_fence_on_grass_licking_the_fence.jpg,Real,0.9898,0.9898,real,True
coco_a_number_of_birds_flying_near_a_nest_.jpg,Real,0.9954,0.9954,real,True
coco_A_paper_bowl_filled_with_cake_and_a_muffin_next_to_a_banana..jpg,Real,0.9999,0.9999,real,True
coco_A_large_elephant_walking_next_to_a_man.jpg,Real,0.9999,0.9999,real,True
coco_A_train_traveling_under_a_bridge_next_to_other_tracks..jpg,Real,0.9998,0.9998,real,True
coco_A_bird_sitting_in_a_tree_on_a_branch..jpg,Real,0.7381,0.7381,real,True
coco_The_skilled_skier_is_taking_the_downhill_route..jpg,Real,0.5668,0.5668,real,True
coco_A_white_toilet_sitting_under_a_window_near_a_sink..jpg,Real,0.9927,0.9927,real,True
coco_A_walk_in_shower_next_to_a_tub_in_a_bathroom..jpg,Real,0.9211,0.9211,real,True
coco_A_bathroom_with_two_large_white_dressers_and_sinks.jpg,Real,0.9457,0.9457,real,True
coco_A_bathroom_with_blue_and_white_tiles_and_a_white_toilet.jpg,Real,0.9998,0.9998,real,True
coco_An_orange_and_grey_trolley_on_street_next_to_a_building..jpg,Real,0.9986,0.9986,real,True
coco_A_road_sign_is_next_to_a_red_traffic_light._.jpg,Real,0.9938,0.9938,real,True
coco_Non_passenger_train,_slowly_coming_down_the_tracks.jpg,Real,0.9389,0.9389,real,True
coco_Several_animals_walking_on_a_road_with_cars_behind_them._.jpg,Real,0.9987,0.9987,real,True
coco_A_white_porcelain_toilet_with_the_lid_down,_in_a_bathroom..jpg,Real,0.8877,0.8877,real,True
coco_The_lower_half_of_a_very_tall_giraffe_in_a_grassy_area..jpg,Real,0.9641,0.9641,real,True
coco_A_train_riding_over_a_stone_bridge_near_some_steps..jpg,Real,0.9551,0.9551,real,True
coco_A_dirty_kitchen_floor_with_soot_on_the_tiles..jpg,Real,0.9990,0.9990,real,True
coco_A_street_containing_various_cars_and_lampposts_at_night..jpg,Real,0.9953,0.9953,real,True
coco_A_bathroom_has_a_self_standing_sink_on_the_wall..jpg,Real,0.9989,0.9989,real,True
coco_a_number_of_birds_on_a_beach_near_the_water_.jpg,Real,0.9916,0.9916,real,True
coco_Aerial_tricks_performed_on_red_bike_over_stacked_skateboards_with_photographer_in_background..jpg,Real,0.9946,0.9946,real,True
coco_a_wood_counter_top_in_a_long_bathroom.jpg,Real,0.9640,0.9640,real,True
coco_A_man_gets_a_French_kiss_from_a_giraffe_.jpg,Real,0.7799,0.7799,real,True
coco_A_giraffe_sticking_it's_head_in_a_van..jpg,Real,0.9812,0.9812,real,True
coco_A_room_filled_with_wooden_furniture_and_white_walls..jpg,Real,0.9997,0.9997,real,True
coco_A_lot_of_thought_went_into_decorating_this_rustic_bathroom..jpg,Real,0.9953,0.9953,real,True
coco_A_restaurant_kitchen_with_two_giant_menus_sitting_above_the_cooking_area..jpg,Real,0.9785,0.9785,real,True
coco_a_traffic_light_above_a_road_with_a_building_in_the_background.jpg,Real,0.9994,0.9994,real,True
coco_A_train_caravan_passes_by_a_small_town..jpg,Real,0.9985,0.9985,real,True
coco_A_couple_of_swans_swimming_in_a_pond_next_to_two_people..jpg,Real,0.9989,0.9989,real,True
coco_A_toilet,_sink,_mirror,_and_tub_in_a_bathroom..jpg,Real,0.9992,0.9992,real,True
coco_A_city_at_night_with_people_walking_around..jpg,Real,1.0000,1.0000,real,True
coco_two_large_air_planes_on_a_run_way.jpg,Real,0.9991,0.9991,real,True
coco_A_woman_holding_two_rainbow_slices_of_cake..jpg,Real,0.9968,0.9968,real,True
coco_A_plane_has_its_wings_folded_up_towards_the_body..jpg,Real,0.8212,0.8212,real,True
coco_A_black_and_blue_multi_color_bird_walking_on_a_grassy_area.jpg,Real,0.8822,0.8822,real,True
coco_A_bathroom_sink_and_towels_hanging_on_the_door..jpg,Real,0.9981,0.9981,real,True
coco_Animals_surrounding_a_car_and_making_a_large_mess.__.jpg,Real,0.9797,0.9797,real,True
coco_A_man_standing_next_to_a_red_motorcycle_next_to_a_orange_van..jpg,Real,0.9993,0.9993,real,True
coco_A_remote_controller_hitting_a_signal_on_a_television..jpg,Real,0.9909,0.9909,real,True
coco_The_bathroom_has_a_sink,_toilet,_and_glass_shower..jpg,Real,0.9988,0.9988,real,True
coco_A_toilet_sitting_outside_a_building_in_an_alley..jpg,Real,0.9872,0.9872,real,True
coco_A_wooden_bench_with_snow_in_a__forest..jpg,Real,0.9706,0.9706,real,True
coco_A_large_neon_sign_sitting_next_to_a_green_traffic_sign..jpg,Real,0.9417,0.9417,real,True
coco_A_couple_of_red_trains_parked_in_a_train_station..jpg,Real,0.9926,0.9926,real,True
coco_Sign_over_city_street_above_traffic_lights_by_a_building..jpg,Real,0.9756,0.9756,real,True
coco_a_person_that_is_riding_a_bike_next_to_some_seats.jpg,Real,0.8824,0.8824,real,True
coco_A_toilet_sitting_in_a_bathroom_next_to_a_sink..jpg,Real,0.9895,0.9895,real,True
coco_A_large_exit_street_sign_laying_on_the_ground..jpg,Real,1.0000,1.0000,real,True
coco_A_big_screen_TV_in_a_fancy_looking_Hotel_room.jpg,Real,0.9999,0.9999,real,True
coco_A_man_laying_on_the_ground_in_front_of_a_motorcycle..jpg,Real,0.9230,0.9230,real,True
coco_A_clock_tower_is_seen_in_the_distance_on_a_busy_city_street..jpg,Real,0.8881,0.8881,real,True
coco_A_plan_flying_under_a_cloudy_gray_sky..jpg,Fake,0.7152,0.2848,real,False
coco_A_full_picture_of_some_white_toilets_on_the_side._.jpg,Real,0.9943,0.9943,real,True
coco_A_couple_of_giraffe_standing_next_to_a_doorway..jpg,Real,0.9992,0.9992,real,True
coco_A_double_decker_bus_driving_down_a_street_past_a_tall_building..jpg,Real,0.9988,0.9988,real,True
coco_A_small_bird_picking_at_pebbles_on_a_beach..jpg,Real,0.9991,0.9991,real,True
coco_A_woman_sitting_at_a_table_while_holding_a_pair_of_scissors..jpg,Real,1.0000,1.0000,real,True
coco_A_bathroom_containing_a_toilet_and_a_sink..jpg,Real,0.9975,0.9975,real,True
coco_A_red_bus_going_down_a_busy_city_road..jpg,Real,0.9578,0.9578,real,True
coco_A_room_filled_with_a_row_of_brown_toilets.jpg,Fake,0.6731,0.3269,real,False
coco_A_person_working_at_an_airport,_outside_of_an_airplane..jpg,Real,0.9958,0.9958,real,True
coco_A_horned_ram_and_a_sheep_grazing_in_a_fenced_field..jpg,Real,0.9992,0.9992,real,True
coco_A_bathtub_with_candles_lit_up_around_it_and_a_stool_next_to_it..jpg,Real,0.6040,0.6040,real,True
coco_A_view_of_birds_gliding_through_the_air..jpg,Fake,0.6692,0.3308,real,False
coco_A_white_toilet_in_a_bathroom_with_a_digital_arm_rest..jpg,Real,0.9954,0.9954,real,True
coco_A_motorcycle_in_a_garage-like_area_by_the_wall..jpg,Real,0.9899,0.9899,real,True
coco_Yellow_double_decker_bus_being_boarded_on_a_city_street._.jpg,Real,0.9983,0.9983,real,True
coco_A_pair_of_sheep_looking_eagerly_at_something_through_a_fence..jpg,Real,0.9986,0.9986,real,True
coco_people_on_bicycles_ride_down_a_busy_street_.jpg,Real,0.9976,0.9976,real,True
coco_Two_people_wearing_hats_that_double_as_umbrellas..jpg,Real,0.9999,0.9999,real,True
coco_Two_giraffes_standing_side_by_side_at_a_zoo_in_front_of_a_large_city..jpg,Real,0.7483,0.7483,real,True
coco_A_bicycle_sits_parked_in_front_of_a_bookstore..jpg,Real,0.9995,0.9995,real,True
coco_The_workers_are_trying_to_pry_up_the_damaged_traffic_light._.jpg,Real,0.9717,0.9717,real,True
coco_A_couple_of_giraffe_standing_in_a_forest..jpg,Real,0.9428,0.9428,real,True
coco_Two_giraffes_in_a_field_between_multiple_trees..jpg,Real,0.9540,0.9540,real,True
coco_A_giraffe_standing_in_front_of_green_brush..jpg,Real,0.6794,0.6794,real,True
coco_A_group_of_sheep_standing_on_a_road_and_a_road_side..jpg,Real,0.9962,0.9962,real,True
coco_A_colorful_checkered_motorcycle_parked_along_the_street..jpg,Real,0.9969,0.9969,real,True
coco_A_herd_of_wooly_sheep_graze_on_short_grass..jpg,Real,0.5492,0.5492,real,True
coco_A_collection_of_books_and_knick-knacks_on_shelves..jpg,Real,0.9976,0.9976,real,True
coco_A_woman_holds_a_pink_and_blue_kite_in_her_hand.jpg,Real,0.9437,0.9437,real,True
coco_A_man_with_a_snowboard_next_to_a_man_with_a_mask..jpg,Real,0.9979,0.9979,real,True
coco_an_orange_and_white_cat_is_sitting_under_a_car.jpg,Real,0.8302,0.8302,real,True
coco_A_small_piece_of_cake_on_a_table..jpg,Real,0.9998,0.9998,real,True
coco_A_young_man_riding_a_bike_past_a_lake..jpg,Real,0.9069,0.9069,real,True
coco_A_black_and_white_cat_sitting_on_the_side_of_a_computer_monitor..jpg,Real,1.0000,1.0000,real,True
coco_Guy_poses_for_picture_by_kitchen_sink_with_two_dogs.jpg,Real,0.9992,0.9992,real,True
coco_A_man_who_looks_like_two_face_with_a_creepy_smirk_on_his_face..jpg,Fake,0.8240,0.1760,real,False
coco_A_man_leans_over_his_motorcycle_and_rests_one_hand_on_the_leather_seat..jpg,Real,0.9912,0.9912,real,True
coco_A_man_wearing_jeans_sitting_on_a_parked_motorcycle..jpg,Real,0.9855,0.9855,real,True
coco_A_train_riding_down_the_tracks_beside_a_sidewalk..jpg,Real,0.6874,0.6874,real,True
coco_an_orange_motor_cycle_sitting_by_the_water.jpg,Real,0.5395,0.5395,real,True
coco_Some_very_cute_small_dogs_laying_by_each_other..jpg,Real,0.9929,0.9929,real,True
coco_The_bathroom_has_two_large_windows_with_a_ledge..jpg,Real,0.9225,0.9225,real,True
coco_Close_up_from_behind_of_a_young_giraffe_standing_with_front_legs_splayed_and_head_the_ground_by_a_fence_outside..jpg,Real,0.9869,0.9869,real,True
